participant_id,q1_raw_regulation,q1_code,q2_raw_ethical_use,q2_code,q3_raw_creativity,q3_code,q4_raw_advantages,q4_code
P1_0,Yes,Strict Regulatory Advocate,Yes,Broadly Permissive,"yes, the line is drawn when the person whose deepfake we are making has given consent",Ethical Realist,"Entertainment, news anchors could be replaced, leaving 0 room for human error and biases in tonality",Commercial/Entertainment
P1_1,yes.,Strict Regulatory Advocate,"entertainment
",Broadly Permissive,yes. ,Innovation Optimist,entertainment.,Commercial/Entertainment
P1_2,Yes ,Strict Regulatory Advocate,Education and entertainment ,Broadly Permissive,Yes,Innovation Optimist,I don't know,Invalid/Unclear
P1_3,No,Conditional/Skeptic,everything,Broadly Permissive,Yes,Innovation Optimist,Many advantages,Invalid/Unclear
P1_4,"Yes, because it can easily be used to create harm to others.",Strict Regulatory Advocate,For comics and comedy sketches,Broadly Permissive,Yes. Drawing the line is whether it is within consent and law.,Ethical Realist,Using it to create satire sketches like the ones in newspapers,Commercial/Entertainment
P1_5,Yes as it can be misused,Strict Regulatory Advocate,i do not think deepfake has much use ethically,Highly Restrictive,i do not feel using deepfakes in movies would add much as similar things can be achieved by actors and makeup,Ethical Realist,i can not think of any,Invalid/Unclear
P1_6,"Yes, its cool",Invalid/Unclear,For entertainment mostly,Broadly Permissive,Yes,Innovation Optimist,I can merge my picture with an intelligent persons picture and then send him to give competetive exam on my behalf,Invalid/Unclear
P1_7,Yes. To protect the integrity and individuality of the citizens,Strict Regulatory Advocate,Yes if consent is available in situations such as marketing.,Highly Restrictive,"Yes to bring an image of your imagination to life. For educational and storytelling purposes and in stunts in movies, deepfakes can be used effictively.",Innovation Optimist,Things humans cannot do in real life,Commercial/Entertainment
P1_8,Yes it violates our privacy and it can be used for many various reasons,Strict Regulatory Advocate,For creativity ,Broadly Permissive,Yes,Innovation Optimist,Producing more dough,Invalid/Unclear
P1_9,Yes,Strict Regulatory Advocate,Education,Broadly Permissive,If used for scams,Ethical Realist,Education,Educational/Societal
P1_10,"Yes , Because I think it is breach of privacy",Strict Regulatory Advocate,In war situations,Highly Restrictive,Yes,Innovation Optimist,Education ,Educational/Societal
P1_11,"yes it should be , as it may be used for malpractice",Strict Regulatory Advocate,yes,Broadly Permissive,yes,Innovation Optimist,u can use it for creating video clips easily of urself without performing  much,Commercial/Entertainment
P1_12,YES. Deepfake tech can be used to manipulate facts.,Strict Regulatory Advocate,"Maybe education if rightly used, maybe in movies and stuff aswell.",Broadly Permissive,"It can be used for educational purposes or enhances storytelling in films, but bring back dead should not be allowed there is a line and we should respect that.",Ethical Realist,Better CGI? I am not sure.,Commercial/Entertainment
P1_13,"It should , helps create images and audio in times of need , might not use it much when asked immediately but uses might start coming out.",Conditional/Skeptic,Probably to badmouth or ruin the reputation of someone famous?,Highly Restrictive,"yeah , it can be used for that , that is useful nd drawing the lin occurs at creating things that happened and things that didnt.If you create things that didnt happen for fun , then thats ine but to circulate and make it seem real is wrong.",Ethical Realist,"better education boundaries and horizons nlocked for children who need visualization , you can imagine things better and overall its just fun.",Educational/Societal
P1_14,Yes because its getting realistic day by day,Strict Regulatory Advocate,yes,Broadly Permissive,whne it doesnt affect anyone personally,Ethical Realist,meeting dead ones,Educational/Societal
P1_15,"yes
in short it can destroy a persons public image if not detected.",Strict Regulatory Advocate,i dont think this is ethical at all,Highly Restrictive,in my opinion it should not be used for any living person although it should not be used for deceased people as well but this doesnt really affect the world,Ethical Realist,"no
",Invalid/Unclear
P1_16,vefjnltwpbvqnkit,Invalid/Unclear,nvfqenkot4ewk;qmwti4pjve,Invalid/Unclear,v efnwkt4oooovie[mk;aldsetoi,Invalid/Unclear,vtoen[ffwktoi4;q,Invalid/Unclear
P1_17,"Yes, because it makes things easier for most of the people",Invalid/Unclear,entertaining,Broadly Permissive,yeah,Innovation Optimist,making inappropriate things,Invalid/Unclear
P1_18,No . It is the future,Conditional/Skeptic,Education,Broadly Permissive,There is no line,Innovation Optimist,Can increase productivity,Commercial/Entertainment
P1_19,yes,Strict Regulatory Advocate,entertainment,Broadly Permissive,yes it can be useful impersonation and others might be illegal using deepfakes,Ethical Realist,entertainment,Commercial/Entertainment
P1_20,Yeah; reduces creativity ,Strict Regulatory Advocate,None,Highly Restrictive,No,Ethical Realist,None,Invalid/Unclear
P1_21,"Yes.beacause people can use it in an unethical manner
",Strict Regulatory Advocate,Yes,Broadly Permissive,Yes,Innovation Optimist,Fun content generation,Commercial/Entertainment
P1_22,"It might be debatable but mostly it should be regulated by the law because the deepfake technology has its pros and cons but the cons are very serious like they can use your deepfake to  threaten you or frame you etc etc ,so the technology must be regulated in a way that the misuse must be minimized",Conditional/Skeptic,It can be used to make deepfake videos or audios whenever you are not available to attend an important session or like that so it can be used for such benefits ,Broadly Permissive,Yes they can be of huge use for creativity and innovation. The line must be drawn when the other person feels like their privacy is being invaded,Ethical Realist,Deepfakes can be used to cover up your tasks which require your facial recognition etc,Commercial/Entertainment
P1_23,"yes definitely, because it provoking privacy",Strict Regulatory Advocate,"education ,entertainment",Broadly Permissive,"yaa,use it to recreate the values forgot by people,dont  misuse it",Ethical Realist,recalling someone who passes away by making persons with ai,Educational/Societal
P1_24,Yes they should be regulated as deepfakes as they can be used for spreading misinformation.,Strict Regulatory Advocate,In Education they can be used,Broadly Permissive,When the user doesn't know it is deepfake of not or when misinformation is being spread using deepfakes,Ethical Realist,Visualising history for students,Educational/Societal
P1_25,Yes its should be as it might to lead many complications (for ex: privacy),Strict Regulatory Advocate,i agree with the above examples,Broadly Permissive,Its better to react then use deepfake/ai as it kills creativity,Ethical Realist,To make jokes and thats it,Commercial/Entertainment
P1_26,Yes,Strict Regulatory Advocate,yes,Broadly Permissive,yes,Innovation Optimist,yes,Invalid/Unclear
P1_27,"Yes. If not regulated , people could create any photo/video of any person in any way they want .",Strict Regulatory Advocate,It can be used to generate deepfakes of actors in film industry in case the actor is unavailable at a crucial time.,Broadly Permissive,Using deepfakes to make inappropriate content about historical figure would be deemed unethical whereas using deepfakes to recreate historical incidences would be ethical and educational.,Ethical Realist,Deepfakes can be used for educational purposes,Educational/Societal
P1_28,"I think if it is being used for unethical and for sensitive issues there should definitely be laws passed, but in general no.",Conditional/Skeptic,for entertainment purposes with consent of individuals i think deepfakes can be helpful,Broadly Permissive,"nah i think thats pushing it, after all our emotions are what make us humans and i dont think deepfakes should be used for educational purposes",Ethical Realist,as mentioned above,Educational/Societal
P1_29,"Yes, I think it should be regulated by law because if its not it can be used to commit many frauds and cyber crimes",Strict Regulatory Advocate,yes it can be used in some cases like maybe for entertainment purposes or for educational purposes as well,Broadly Permissive,"yes it can be used in such creative ways.
But it shouldnt be used to make deepfake of other people without their consent",Ethical Realist,using someone's voice or photo to spread false content,Invalid/Unclear
P1_30,Yes it should be regulated as it may be misused to create fake Identities or to spread misinformation about an entity ,Strict Regulatory Advocate,Yes all the above mentioned cases,Broadly Permissive,"As long as it is not identify fraud,it is ethical",Ethical Realist,Educational purposes... consented entertainment purpose,Educational/Societal
P1_31,It should be since it has a lot of bad affects.,Strict Regulatory Advocate,for campaigning,Broadly Permissive,yes. It has to stop when there is no intervention of human creativity required.,Ethical Realist,"campaigning,advertisements",Commercial/Entertainment
P1_32,yes it shud. can cause a lot of problems.,Strict Regulatory Advocate,movies,Broadly Permissive,yes,Innovation Optimist,better understanding of things that are hard to visualise,Educational/Societal
P1_33,Yes it should be regulated as deepfake can be used to make derogatory and fake news viral on social media and wrongfully target specific groups or people leading to increase in misinformation among common people. ,Strict Regulatory Advocate,The group or people who will be related or affected by the usage of deepfake must be consulted before using deepfake,Highly Restrictive,"Yes it can be used for the following positive reasons, but the line should be made ",Ethical Realist,Generating scenes where stuntmen can be at risk,Commercial/Entertainment
P1_34,"It shouldnt becoz then ppl will use it for defamation, or other bad stuff.",Strict Regulatory Advocate,"it can be used in call centres, ai chat assistants, but with heavy regulations and monitoring. ",Highly Restrictive,"yeah u can use, no problem. but dont use it to manupilate or show false information",Ethical Realist,u can use it in call centres,Commercial/Entertainment
P1_35,Yes; It is important to not allow false information to be spread. This would affect law and court trials immensely(in an adverse way),Strict Regulatory Advocate,It may be useful for education to make animations which would be easier to vizualize.,Broadly Permissive,All deepfakes must be explicitly mentioned. ,Ethical Realist,Mentioned above,Educational/Societal
P1_36,"Yes, as people can be portrayed in a wrong way",Strict Regulatory Advocate,"sure, by informing users beforehand and if it's not harmful to any person",Highly Restrictive,"Yes, it can be done but the government should lay out strict rules on their use. It shouldn't be offensive to anyone.",Ethical Realist,Repetitive works can be automated and done easily and can reduce cost to the firm. ,Commercial/Entertainment
P1_37,"Yes, it is getting too good and realistic.",Strict Regulatory Advocate,Deepfakes could be used in films with consent to speed up shooting process,Highly Restrictive,Use of deepfake needs to be consensual. Any deepfake that is made without consent needs to be illegal,Ethical Realist,"interactive education, perhaps it could help students interact with people from certain events",Educational/Societal
P1_38,yes,Strict Regulatory Advocate,entertainment,Broadly Permissive,yes,Innovation Optimist,usimg deepfakes of dead,Educational/Societal
P1_39,yes deepfake should be regulated but with limited access because it can be very helpful to study historical and mythical figures,Conditional/Skeptic,yeah it can be used for educational purposes like we can bring historical figures to life and study about them,Broadly Permissive,yes it can be use to study mythical figures,Innovation Optimist,using deepfake one can express oneself using other's body,Commercial/Entertainment
P1_40,"Yes, it should be regulated by law. Rampant usage of deepfake can be harmful to people and their rights.",Strict Regulatory Advocate,"For creation of youtube videos, but using the permission of the person.",Highly Restrictive,Yes,Innovation Optimist,Youtube video,Commercial/Entertainment
P1_41,Yeah,Strict Regulatory Advocate,-NA-,Invalid/Unclear,yeah it can be used.,Innovation Optimist,Recreating memories we cherish.,Commercial/Entertainment
P1_42,no,Conditional/Skeptic,"yea, for gandhijis birthday we can make a deepfake of him adresssing the nation",Broadly Permissive,"yes, the line is drawn when it is used for deepfaking personalties and spreading wrong information about their beliefs and opinions.",Ethical Realist,fun,Commercial/Entertainment
P1_43,"yes, can be used for malpractices",Strict Regulatory Advocate,education,Broadly Permissive,"yes, the line is when it starts to negatively affect someone",Ethical Realist,Can be used for bringing historical figures to life making understanding easy,Educational/Societal
P1_44,"yes, because it can be used for wrong purposes",Strict Regulatory Advocate,Yeah It can be used.,Broadly Permissive,"Yes It should be used,however it shouldnt cross personal boundaries and hurt the emotions of the people",Ethical Realist,ok,Invalid/Unclear
P1_45,Yes as it can be used to do cybercrimes.,Strict Regulatory Advocate,Politics,Broadly Permissive,Yes.,Innovation Optimist,To generate images and videos like before.,Educational/Societal
P1_46,"Yes, since it can be used for illegal/blackmail purposes",Strict Regulatory Advocate,for entertainment purposes,Broadly Permissive,If it doesn't harm or hurt anyone's beliefs then it can be considered ethical,Ethical Realist,for entertainment or eduation,Commercial/Entertainment
P1_47,Yes because it should only be used for good purpose and ethically.,Conditional/Skeptic,In education it can be used ethically to make educational videos which would help students.,Broadly Permissive,Yes it can be used to bring historical figures back to life for teaching purpose as students would better understand the history.It's unethical use will be using it for entertainment purpose or on social media as meme.,Ethical Realist,In education,Educational/Societal
P1_48,Yes. It can be used in unethical ways to defame someone,Strict Regulatory Advocate,Can be used in entertainment industry when actors are unavailable ,Broadly Permissive,Yes if the person is informed beforehand and is ok with it then the use is ethical,Ethical Realist,"In fast and furious 7 after the actor Paul Walker passed away, the ending scenes were shot with his brother using deepfakes",Commercial/Entertainment
P1_49,"No, if govt regulates, it takes away the freedom of the internet.",Conditional/Skeptic,"Deepfake can be ethically used as long as the consent of the person being deepfaked is taken. if it has, it can be used for wahtever purpose in their repective field. eg; alakh for education",Highly Restrictive,"it surely can, it can be used in museums and historical places, to depict the ancient times and prominent figures of the era",Innovation Optimist," it can be used in museums and historical places, to depict the ancient times and promiennt figures of the era",Educational/Societal
P1_50,no it can be misused,Strict Regulatory Advocate,in making anime,Broadly Permissive,yes it should be used so that we can know about our ancestors and their brave movement,Innovation Optimist,in creating educational purposes videos ,Educational/Societal
P1_51,"Yes, it gets hard to identify the truth
And I don't see the necessity of deep fakes
Except bad intentions ",Strict Regulatory Advocate,I don't think it is useful at all,Highly Restrictive,"No, art should not be faked
Art is creativity
But bringing historical figures to life sounds nice",Ethical Realist,Can be used for creating a living memory of expired people ,Educational/Societal
P1_52,it should be used in proper way and not in the way to hurt someone's personality.,Strict Regulatory Advocate,for entertainment,Broadly Permissive,it should use to show true things using deepfake rather than showing everything fake.,Ethical Realist,for entertainment purpose and for visualising something not possible to visualise.,Commercial/Entertainment
P1_53,Yes because it isn't ethical.,Strict Regulatory Advocate,It can't be used ethically.,Highly Restrictive,No,Ethical Realist,No possible advantages are there.,Invalid/Unclear
P1_54,"Yes , the use of deepfake technology should be regulated by law .Because as it can be misuse for cyber-crime and to defame a individual or group of people.",Strict Regulatory Advocate,"Yes , It can be use to make education video in less time and enable to deliver more content in less time.",Broadly Permissive,"Yes , it is a good way to  bring historical figures to life for educational purposes or enhancing storytelling in films.",Innovation Optimist,"In movie , we can make a movie with your favorite actors.",Commercial/Entertainment
P1_55,Yes it should be regulated by the law. If it is not regulated it will lead to many fake things over the internet and there will definitely be misuse of the AI.,Strict Regulatory Advocate,"There can be use of AI in movies and for educational purposes, but using DeepFake tech without the consent of the person should be illegal, we have alredy seen use of AI in movies, like De-Aging tech",Highly Restrictive,"Like i have mentioned it for the above question, it can be used for educational purposes, it would be a really good use of the tech",Innovation Optimist,"It can be used in movies for example, like it can be used in De-Aging and for the voice generation(For Dubbing maybe) but it should be done legally ryt",Commercial/Entertainment
P1_56,"yes, it can be used to  create inappropriate images of people",Strict Regulatory Advocate,it can be used to relish the memories of people who died,Broadly Permissive,"yes,it can be used but we should agree we should draw a line",Ethical Realist,it can be used to create good images of people,Commercial/Entertainment
P1_57,yes,Strict Regulatory Advocate,in entertainment and education,Broadly Permissive,"yes ,it can be used. unethical use would be that deepfake tech used for fake news and using a person face or voice without consent.",Ethical Realist,in online classes historical figures can themselves teach.,Educational/Societal
P1_58,"Yes, to prevent misuse by people intending to cause chaos or defame someone by making their deepfake",Strict Regulatory Advocate,It should only be used for entertainment purposes with a disclaimer before hand,Highly Restrictive,"Yes, as long as it is clearly mentioned it is a deepfake and has no offensive content",Ethical Realist,It can be used for entertainment purposes,Commercial/Entertainment
P1_59,yes i think the use of deepfake technology should be regulated by law as it breaches the privacy of many who are subjected to it.,Strict Regulatory Advocate,to generate educational content or such it can be useful.,Broadly Permissive,yes we can bring historic figures to life to enhance story telling. Just that we have to be respectful of whatever we use the tech for.,Ethical Realist,Making a historic figure inspire people. To create educational content for kids.,Educational/Societal
P1_60,"Yes , it should be regulated as unregulated use of deepfakes will lead to mistrust and misinformation among the general unaware public",Strict Regulatory Advocate,"Movies in entertainment , visualisations in education",Broadly Permissive,"Yes it can be used to create movies photos etc ,they cross the ethical line when they deceive, exploit, or use someone’s likeness without permission.",Ethical Realist,"A museum can use deepfake tech to create an interactive historical figure.
A deceased actor’s can give a brief cameo in movies",Educational/Societal
P1_61,"No it shouldn't be, because it can lead to privacy breach and many other things.",Conditional/Skeptic,Yeah it can be used to learn history in schools.,Broadly Permissive,"Unless the opinion expressed by the deepfake is opposite to the original figure or it isn't very controversial or hurting anyones thought or beliefs, it can ysed",Ethical Realist,It can be spread awareness among our citizens to keep our country clean and follow laws if we use the deepfakes of our great nation heroes ,Educational/Societal
P1_62,Yes it should be regulated because someone can use this to blackmale others etc.,Strict Regulatory Advocate,In education,Broadly Permissive,yes.If somebody is using it to corrupt peoples l=mind then it shouldn't be used.,Ethical Realist,To bring back deceased family members to life so people can get some closure if they had died in some unfortunate circumstance.,Educational/Societal
P1_63,deepfake,Invalid/Unclear,deepfake,Invalid/Unclear,yes,Innovation Optimist,can be used to prank my friend,Commercial/Entertainment
P1_64,"yes it should be regulated,can be used in scamming",Strict Regulatory Advocate,probably for entertainment and stuff,Broadly Permissive,"yes,as long as it is not used to spread misinformation",Ethical Realist,maybe for shows and stuff like that,Commercial/Entertainment
P1_65,yeah I think it should be regulated cuz it will cause a lot of harm to our society if in wrong hands.,Strict Regulatory Advocate,for educational awareness .,Broadly Permissive,"No I am completely against the use of deepfake i any form of art whether its music,films, or paintings ",Ethical Realist,bringing back important historical figures.,Educational/Societal
P1_66,Yes because it can often lead to unethical practices that can result in character assassination etc.,Strict Regulatory Advocate,"It can be used to relive memories of people, create songs of artists who are no more to relive memories.",Broadly Permissive,"Yes, that's a very good initiative but use of the famous personality's face to convey misleading messages maybe harmful",Ethical Realist,To relive/ recreate memories. Eg: Listen to a new popular Bollywood song in the voice of old artists like Kishore Kumar.,Commercial/Entertainment
P1_67,no ,Conditional/Skeptic,yes ethically used in case of entertainment ,Broadly Permissive,yes if students use for education purposes then it will be useful ,Innovation Optimist,it can be used in the entertainment,Commercial/Entertainment
P1_68,"NO ,because it will be useful in many ways for the other good.",Conditional/Skeptic,When we need some fun or help it can help us also it helps a lot in eucation.,Broadly Permissive,yes it can be a good tool but.I cant find any unethical use,Ethical Realist,while studing or learning about new skills and proper plan and guidance,Educational/Societal
P1_69,It should be regulated because content creators can mislead people,Strict Regulatory Advocate,It can be ethically used for education purposes,Broadly Permissive,Ya it can be a tool for creativity and innovation,Innovation Optimist,Content can be easily made without much effort,Commercial/Entertainment
P1_70,yes we can use it under rules and regulation ,Conditional/Skeptic,to catch criminals ,Broadly Permissive,yes ,Innovation Optimist,can be used to use anyone voice if important but the person is not available ,Commercial/Entertainment
P1_71,yes because it could be misused,Strict Regulatory Advocate,it is used to preach for well being,Broadly Permissive,"consent & permission, intent to deceive or harm",Ethical Realist,Revolutionizing education and culture,Educational/Societal
P1_72,"yes, i couldnt tell the difference between most of the audio sounds",Strict Regulatory Advocate,education maybe to show a movie with how the characters actually looked like etc,Broadly Permissive,"yes, however it shouldnt be used to make vedios of people.. since it can become very controversial while the person had no hand in it",Ethical Realist,"creating online models, education etc",Educational/Societal
P1_73,"Yes, it should be regulated by law. Because if it is used for bad intentions can cause many problems.",Strict Regulatory Advocate,We can use it by taking permission from the copied individuals.,Highly Restrictive,"Yes, it can be used to be creative. As long as we use it without disturbing the privacy of others, it is ethical.",Ethical Realist,"We can make historical events using deepfakes which can be better understanding for teaching kids, etc.",Educational/Societal
P1_74,yes because peoples can use u r face and by the help of ai they can create images and even videos of u r which can be toxic for u and u r reputation in society .,Strict Regulatory Advocate,yes if it is used for good work then fine like we can make advertisment or some social issue related things .,Broadly Permissive,yes it can be used for educational purpose .,Innovation Optimist,"for education purpose , like by showing image of some king we can make his live video",Educational/Societal
P1_75,"yes, to protect privacy of famous personnalities and also for security of an individual",Strict Regulatory Advocate,Education,Broadly Permissive,"Yes it can a tool for creativity and innovation, ethical- when used with the permission, or bringing historical figures, unethical - using without permission, dirty practices, etc",Ethical Realist,"An advantage could be in educational use like teaching history and having the historical characters in use, etc.",Educational/Societal
P1_76,"Yes, as people with ill intentions are prone to missuse it",Strict Regulatory Advocate,"teaching sector, animation",Broadly Permissive,"Using deepfake to forge false evidences or settle personal scores, or scam gullible people",Ethical Realist,Bringing historical figures to life ,Educational/Societal
P1_77,no because it is useful in so many ways ,Conditional/Skeptic,"in entertainment , education ,politics in so man y ways deep fake detection is used it is used a lot",Broadly Permissive,yes i dont draw any line i think so,Innovation Optimist,do for comedy purposes because some body will become serious ,Commercial/Entertainment
P1_78,yes,Strict Regulatory Advocate,There are none,Highly Restrictive,I'd say it is ethical as long as the viewer is informed that the media uses deepfake.,Ethical Realist,None,Invalid/Unclear
P1_79,"Yes, because people can misuse it ! ",Strict Regulatory Advocate,Like for educational purposes ,Broadly Permissive,"Yes, it can be used in ethical way .. until you're not harming others and the people of society",Ethical Realist,"It is time efficient, we can save our lot of time and like generate own quiz and tests",Educational/Societal
P1_80,yes,Strict Regulatory Advocate,entertainment,Broadly Permissive,yes,Innovation Optimist,in movies,Commercial/Entertainment
P1_81,"Yes, it is essential to regulate over deepfakes as it could really harm us",Strict Regulatory Advocate,If we want to have a conversation with our passed away relative there having the ability to talk to them and see them might be a good idea,Broadly Permissive,"Yes, but making them perform some unethical use is not correct",Ethical Realist,"Being able to talk to your passed away relative, able to learn directly from the historical figures and many more",Educational/Societal
P1_82,gov should not control deepfakes because they couldn't control them,Conditional/Skeptic,Yes for impersonating a person in his absence,Broadly Permissive,Yes they can be but the content they are sharing should be verified,Ethical Realist,They can be used to bring different people to life and get their perspective.,Educational/Societal
P1_83,"yes, because it may regulate some information",Strict Regulatory Advocate,no,Highly Restrictive,yes but in some of the topic,Ethical Realist,in study,Educational/Societal
P1_84,It is not as useful as it looks,Strict Regulatory Advocate,for making educational videos,Broadly Permissive,yes,Innovation Optimist,for making good content for gen Z,Educational/Societal
P1_85,yes because it can lead to misrepresentation in media and distrust in sources,Strict Regulatory Advocate,it could be used ethically for entertainment purposes to ease load on the actors but only with their full consent ,Highly Restrictive,no this should not be done to prevent propaganda and all use should be regulated,Ethical Realist,a big advantage can be improving the cast for media projects in entertainment industry ,Commercial/Entertainment
P1_86,"No, I don't think that the use of deepfake technology should be regulated by law, because people can use it in the wrong way, which they are not supposed to do.",Strict Regulatory Advocate,"In many situtations deepfake technology can be very helpful like entertainment, education, ethical activities.",Broadly Permissive,"Using deepfake technology can surely be a perfect tool, it can make learning process so easy. Students who find learning history will now enjoy using the life like statues talking to them, telling their own stories.",Innovation Optimist,"There can be many advantages of using the deepfake technology, such that it can be used in educational purposes, entertainment, etc.",Educational/Societal
P1_87,"Yes,  it can influence reality at some point.",Strict Regulatory Advocate,"entertainment and education maybe, but in any situation it can still be misused to a huge extent.",Highly Restrictive,"When they start to influence real life objects, as long as it is virtual unrelated to anyone or anything, it should be fine.",Ethical Realist,Could help people who have auditory processing disorder,Educational/Societal
P1_88,"I think it should be regulated, this technology can be misused in various ways people can use it to pretend to be someone else and cause issues in the others personal life thus this technology needs to be regulated. ",Strict Regulatory Advocate,this technology can be used in the entertainment industry to help show historical figures more accurately,Broadly Permissive,I believe that the use is fine as long as the individuals being deepfake have given consent for this to happen or if the individual is no more than his remaining family is consenting to the deepfake otherwise it should be unethical ,Ethical Realist,this technology can be used in the entertainment industry to help show historical figures more accurately,Educational/Societal
P1_89,"yes , because is can affect our privacy, for example ......some can use our deepfake video or voice to spread misinformation .",Strict Regulatory Advocate,"for misleading and spreading wrong information,....it can be also used to spread hate about someone ,etc.",Highly Restrictive,yes it can be . ,Innovation Optimist,"it can help company for advertisement, in very less Invesment!",Commercial/Entertainment
P1_90,"Yes, it should be regulated by law. The technology to imitate someone else to such an extent should definitely be regulated by law and consent should also be taken from the party who is being imitated and the party who is being subjected to the deepfake. ",Strict Regulatory Advocate,Education and entertainment are good uses for this technology.,Broadly Permissive,"Yes, it can definitely be used for creative purposes. I feel like it is ethical as long as it benefits society as a whole and not a singular person.",Ethical Realist,They can be used to replace news reporters.,Commercial/Entertainment
P1_91,"Yes ,it should be regulated cause there can be an illegal use of others personal pictures or voices in a wrong way without their permission.",Strict Regulatory Advocate,deepfakes can be used in bringing historical figures or other people who passed away to bring them back to life just for educational and emotional purposes.,Broadly Permissive,yes.we can use deepfakes as long as no one is hurt by them.,Ethical Realist,for bringing back dead people to life in a photo which can give emotional support to their close ones,Educational/Societal
P1_92,"Yes , So we can differentiate real and fake news",Strict Regulatory Advocate,Entertainment ,Broadly Permissive,Yes,Innovation Optimist,Time reducing ,Commercial/Entertainment
P1_93,It should be regulated heavily as it can be misleading and lead to confusion among people. Especially those people who arent aware of deepfake technology.,Strict Regulatory Advocate,I can think of very few cases where deepfake tech can be used ethically. One good use of it could be in entertainment if the actor agrees beforehand for the use of it. Right now the tech isnt nearly good enough to be used as a substitiute for an actor. Maybe in the future if it is then it could be allowed in very select places.,Highly Restrictive,That is a good use of deepfake tech i feel like. As of right now I think it brings more negatives than positives though. ,Ethical Realist,Maybe deepfakes could be used in crime investigations to simulate to a victim how the person who affected them was. Maybe if we get a clear photo of them in our mind we can can catch criminals more easily.,Educational/Societal
P1_94,"Yes, considering the fact that deepfake technology keeps getting closer at imitating people and voices, so false information can be spread in a way as if said by a targeted person.",Strict Regulatory Advocate,Against terrorist communities,Broadly Permissive,Yes. Some deepfake can be deemed unethical if it does/says something different from what that person has already said.,Ethical Realist,Faking terrorist communities,Educational/Societal
P1_95,"YES IT SHOULD REGULATED BY LAW 
AS IT MAY BE USED BY CRIMINALS TO FRAUD AND CHEAT PEOPLE 
MAY MISUSE",Strict Regulatory Advocate,IT CAN BE USED FOR MOVIES LIKE ENTERTAINMENT AND EDUCATION WHEN YOU HAVE DOUBT OF ANY TOPIC AND IN MOVIES AS SUBSITUTE OF ACTORS,Broadly Permissive,YES IT CAN BE USED IN CONENT CREATION AND USING IN MANY FLIMS AND MANY SECTIONS OF INDUSTRY TO MANFACTURE NEW PRODUCT TECHNOLOGY,Innovation Optimist,IT IS EASY TO ACCESS AND USE FOR CONTENT CREATING AND EASY GRASPING OF KNOWLEDGE WHERE YOU CAN EFFORT LESS DESIGN THINGS AND CONENT ALSO,Educational/Societal
P1_96,sure why not until and unless there are rules and regulations  against misuse and misconduct pertaining to anyones identity and if the person on which it is used doesnt like the form of content can restrict any further use of that content ,Strict Regulatory Advocate,"to catch criminals by enacting the crime scene and finding for any clues. 

Using deepfakes to de-age actors, recreate historical figures, or continue performances after an actor’s death (with consent from their family/estate).

As long as audiences are clearly informed it is fictional, avoiding deception.",Highly Restrictive,"yes, until it is not used for identity theft or for any misleading activities.",Ethical Realist,"Make learning more engaging and accessible.

A history class could use deepfakes to create a lifelike recreation of historical figures (e.g., Gandhi explaining his philosophy) while clearly informing students that it is a synthetic re-creation.",Educational/Societal
P1_97,It should be regulated by law because not everyone is aware when they use/see AI. It can be quite dangerous if a public figure advises wrongly,Strict Regulatory Advocate,It can be used if its done carefully for example if some political leader is not available to give an important message,Highly Restrictive,It definitely can be used in that way. ,Innovation Optimist,Bringing back historical figures to life,Educational/Societal
P1_98,"Yes, it should be regulated. Deepfake technology can be misused in various ways such as defamation of a person, spreading of hate speech.  ",Strict Regulatory Advocate,"Disney used the deepfake technoloogy to bring back several of its old characters to life, in the Star Wars franchise, such usecases can be considered ethical.",Broadly Permissive,"Yes, as mentioned inthe previous answer, deepfake technology be a tool for creativity and innovation, such as bringing historical figures to life for educational purposes or enhancing storytelling in films. Where to draw the line is a matter of much debate.",Innovation Optimist,bringing historical figures to life for educational purposes..,Educational/Societal
P1_99,"Yes, the use of deepfake should be regulated by the law because people can misuse this technology, they can demean others by putting others' faces which could be devastating.",Strict Regulatory Advocate,"We can used deepfake technology ethically in many ways, and in fact are being used, such as the voice of Darth Vader from the franchise Star Wars, the VA though as passed away, but his voice is now being used for present movies, we can even used deepfake of famous personalities to promote and motivate.",Broadly Permissive,"Yes, we can use it as a tool for creativity and innovation. We draw the line when faces of common people are used without their consent, especially in obscene videos.",Ethical Realist,"To educate others, motivate by using famous freedom fighters as a face, movies, web series, and many more.",Educational/Societal
P1_100,"I think not because it gives govt. more power to censor, which they can use to violate the free sppech and right to expresion.",Conditional/Skeptic,"for satirical purposes , and if it is quite evident that it is deepfake then i think it is ethical. For creative purposes , for example, someone made a song remix with Kishor Kumnar's voice by using deepfgake.",Broadly Permissive,"I Think the answer here is subjective as it depends on the figure of whom the deepfake is being made, but spreading misinformation throgh deepfakes is surely an unethical use.",Ethical Realist,"like for example , Kishore Kumar's version of sayiraa song using deepfakes as it is quite entertaing and creative.",Commercial/Entertainment
P1_101,yes. To make sure to not misuse,Strict Regulatory Advocate,It can give speeches ,Broadly Permissive,Yes so that we can visualize them,Innovation Optimist,A person who is not able to speak can use this and he can convey what he wants to say,Educational/Societal
P1_102,"Yes, because it can lead to all kinds of misinformation, leading to even international conflicts based on the wrong information.",Strict Regulatory Advocate,"Deepfakes can be used in education if and only if the content used is ethical and according to the curriculum, it can be used for entertainment, however unregulated use will lead to many problems, including financial instability.",Highly Restrictive,"Yes, they can in order to make learning more interactive, however the line between ethical and unethical is based on information and the meaning of the content.",Ethical Realist,"It can bee used with historic figures to teach children history, which make it less boring.",Educational/Societal
P1_103,"No, there can be many frauds using deepfake technology. If it is regulated by the law then there should be a huge check for no fraudulent activities which is not easy in India with a huge population.",Conditional/Skeptic,It can be used in politics as when someone a politician is not able to come or his/hers health conditions are not well but wants to convey his/hers thoughts. Then it can be used effectively. There can be many more such instances.,Broadly Permissive,"Yeah, it is good if we use it ethically but if we are using it to harass, make fun etc then it will be really bad.",Ethical Realist,It can be used in politics as when someone a politician is not able to come or his/hers health conditions are not well but wants to convey his/hers thoughts. Then it can be used effectively. There can be many more such instances.,Educational/Societal
P1_104,Yes it should be as people might try to create explicit images of popular figures and post them on social media,Strict Regulatory Advocate,They can be used for education and related stuff as it will help in cost cutting .,Broadly Permissive,As long as the images are not being used with the intent of demeaning or harassing someone they can be used to enhance storytelling etc,Ethical Realist,Can be used when high quality images are not required,Commercial/Entertainment
P1_105,"Yes because deepfake technology in malicious hands can increase the number of scams and innocent people, especially the elderly, can be scammed off money or property.",Strict Regulatory Advocate,"If a celebrity is given a contract to feature in an ad and he fails to show up fpr the shoot, a deepfake can be made to complete the job as no one will give a second thought of whether the celebrity is speaking or his/her deepfake.",Broadly Permissive,Absolutely.Visual graphics and their appearance has a psychological impact on viewers and the retention span of a person of a video/message is more when the way the message has been shared is visually appealing and convincing.,Innovation Optimist,Advanteages of deepfakes with goodwill is the impact on a person. If a story has a moral to propagate which the masses need to know then of rthem the method via it is being shared should be appealing.,Educational/Societal
P1_106,No it is dangerous for the people who have no knowledge and for uneducated people,Strict Regulatory Advocate,yes,Broadly Permissive,yeah we can use it to educate the people and by using it we can create pictures in story telling and ,Innovation Optimist,we know about the people ,Invalid/Unclear
P1_107,"Yes. I think it should be. As we see in news, it's usage is not proper and hence it should be regulated by law.",Strict Regulatory Advocate,"It can be used for recreating history, as a way of visual understanding of historical moments.",Broadly Permissive,"Yes. I feel that as long as the use of deep fake is giving some kind of educational, useful information to today's generation and as long it's use is not done for the wrong things, deepfake technology can be used for creativity and innovation.",Ethical Realist,They can be used for educational purposes. Can be used for creative art. Imagining historic paintings in a different light.,Educational/Societal
P1_108,"no,it is useful .But using it for a wrong purpose should be regulated",Conditional/Skeptic,"it can be used to make photos to look better than the before
and also in many investigations 
it can also be used for many entertainment purposes
 and also in study purpose
in making films good also",Broadly Permissive,"yes it can be a tool for creative and innovation,
but should not use this tool in criticizing people
should ha some barriers
",Ethical Realist,"their are many advantages of this tool 
like using it in study purpose makes you to understand some more information greately
in making film to look good
in making some comedy shows ",Educational/Societal
P1_109,"Yes, because fake or created images or videos or photos often mislead people to think something which never happened which in turn affects the person had been used as it may lead to negative intentions on that person.",Strict Regulatory Advocate,Yes particularly in movies deepfake technology can be used where you need some animals to be portrayed so then we can use this so that neither humans nor animals are harmed.,Broadly Permissive,Ethical use is when we mention its ai generated and use it in films and rediscovering objects  and unethical when used for misleading people. ,Ethical Realist,Advantages is we can make people visualize about the things which can't be physically brought like mainly in anatomy and we can use this in predicting what happened in history by bringing back the incidents that happened long back.,Educational/Societal
P1_110,A bit should be regulated but like for not spreading false statements (by any popular leader or popular person in world). Otherwise it shouldn't be regulated because it helps creaters to be more tools to make something new(that obviously don't hurt anyone),Conditional/Skeptic,"Education, Singing and Entertaintment. ",Broadly Permissive,YES. When they project the historical events/ figures in false way.,Ethical Realist,"If a creator is feeling low and not willing to make videos for some time, he/she can use it for some time as a substitute to maintain his/her growth.",Commercial/Entertainment
P1_111,"Absolutely, we need to have laws for deepfakes. In the wrong hands, this technology can be a devastating weapon used to ruin reputations and spread lies. ",Strict Regulatory Advocate,"as long as you have permission and you're completely upfront that it's a fake, the technology can be used ethically for anything from making cool movie effects to bringing history lessons to life.",Highly Restrictive,"It's a brilliant creative tool for things like movies and education; the line gets crossed the moment it's used to deceive, manipulate, or harm someone without their clear consent.",Ethical Realist,"Dubbing Movies, Tools for specially abled people ",Commercial/Entertainment
P1_112,"DEPENDS!! Some people who are really intelligent(like me) can make great use out of them but some idiots does not know how to use them properly lol(stupid) we can really make money out of them in social media handles(here::::the use means just by using the legal and non copywrite strikable content) but some may really destroy things like deepfakes or these audios of top leaders(which are made with finest quality) can affect major things like stocks,industries etc etc within no time.So there is no perfect ""YES OR NO"" answer for this question.",Conditional/Skeptic,entertainment and politics(for influencing the nations YOUTH(especially GENZ)) can be used,Broadly Permissive,"yes ,why not my opinion is ""IT IS MERE STUPIDITY FOR ARGUING THINGS LIKE DRAWING A LINE BETWEEN LEGAL AND ILLEGAL USE because here no body cares others privacy everything INDIRECTLY became legal now my point is that EVERYTHING IS ACCESIBLE now so now telling people that DONT USE THEM "" its like dont watch animal movie as it has some explicit scenes while whole internet has those things NO LOGIC!!",Invalid/Unclear,"some creators are making great fame,name and money using them",Commercial/Entertainment
P1_113,Yes it should be regulated as AI can use it to make us believe on something we shouldn't and make us do what it desires.,Strict Regulatory Advocate,it can be used for education and entertainment purposes to make public aware of something and it's benefits so that they can also contribute their effort to the society.,Broadly Permissive,"Yes it can be used for creativity and innovation,like historical figures dicussing a solution to a math problem.",Innovation Optimist,It can be used to educate people by using it to create some videos to deliver some important social message.For example it can make a video on women empowerment .,Educational/Societal
P1_114,"It should be regulated, atleast to some extent. Using it for creative purposes is fine, but it can easily cross borders. Impersonation becomes something even kids can do, and I dont have to enamorate more on that, do I? The thin line between our virtual presence and reality will fade even more. So, it should be regulated atleast somewhat.",Conditional/Skeptic,I have stated these answers below. (idk ig),Highly Restrictive,"Creativity will be through the roof when using such tech, especially because there are no boundaries to the limits of AI. Its fine as long as the historical figures are brought to life and are simulated to doing only things that they couldve done, anything that doesnt go against their ""supposed"" legacies.",Ethical Realist,"A specific scenario is the fast and furious series, where paul walker passed away, and they used tech similar to deepfake, to finish the movie even though he has passed away. Similarly, in the entertainment industry, it can be used extensively in various ways, reshoots wont be required and so on.",Commercial/Entertainment
P1_115,"Yes,I think by the law because AI is generating fake pictures and audio which can be used for bad things.",Strict Regulatory Advocate,It can we useful in education to entertain children or teach them.,Broadly Permissive,government should put laws on this. ,Ethical Realist,creating photos of family with dead people and make memory.,Educational/Societal
P1_116,"Yes, it should be regulated by law. This technology can be useful for smaller creators or businesses but is ethically harmful to the actual people who get paid to do these jobs. ",Conditional/Skeptic,"Yes, they can be used for voiceovers in commercials, making clipart etc.. but i don't think that doing this is ethical ",Highly Restrictive,This technology could be used to give ideas but that's where I'd  draw the line. Being creative is something I wouldn't give up just for convenience.,Ethical Realist,"By using deepfakes, the cost of whatever you want to produce is basically a 0. example: you want to film a commercial for your product but you don't have the money to pay for an actor or voice actor, you could use a deepfake...",Commercial/Entertainment
P1_117,"I believe it should be regulated. Till now, there have been a lot of instances where deepfake technology is misused . I believe it is fine as long as you have the consent of person/people",Conditional/Skeptic,"We can use it to reanimate popular figures, so that it can bring a sense of peace in a community.",Broadly Permissive,"It can be used to animate faces into people, so that it can look like the character themselves have narrated the story. The line lies in the consent. As long as you have consent and not harming the people in any way, it should be fine.",Innovation Optimist,"It can be used to reanimate the face of people who are deceased, so that the relative of the deceased can get some closure in their hearts. ",Educational/Societal
P1_118,Absolutely! Deepfakes have gotten to a point where the identity can be compromised. There should be laws in place to prevent identity theft and impersonation.,Strict Regulatory Advocate,Realtime language translation deepfakes can prove to be useful to make announcements in all languages simultaneously on a national or international level. ,Broadly Permissive,"The creative freedom is unlimited with AI models that are only getting stronger and more indistinguishable that reality. It would do more benefit than harm to allow deepfakes for creative use initially. However with laws not being optimally tight.. Many industries would stray towards unethical means to generate content. Therefore when it comes to individuals, there must be laws protecting the use of their faces/voices/bodies without consent.",Ethical Realist,Well lip-synced voiceovers for videos on YouTube and such platforms that match the original voice of the creator.,Commercial/Entertainment
P1_119,"Yes, I think that deepfake technology should be regulated by law as, if it is not used properly it can be used to commit cybercrimes, frauds etc.",Strict Regulatory Advocate,"Deepfake technology can help us visualize concepts better for educational purposes, it can also be used to create videos of historical figures coming to life to create positive narratives in the society.",Broadly Permissive,"Deepfake technology can be used as a tool for creativity and innovation, however it can also be used for unethical purposes. We can call the deepfake video/pictures/audio if it does not defame a person, show  an act which a person might not have commited or harm a person,  community, or religious sentiments",Ethical Realist,"Some advantages of using deepfake are making an artistic potrait of a person, for illustration purposes of body parts, machines for education purpose etc. ",Commercial/Entertainment
P1_120,"As per my experience in this form,
I couldn't answer many of the questions because I don't know some of the people like i could identify arjun kapoor, deepika padukone but there were some foreigners whom i couldn't identify, because i have never seen them.
Then this cannot be a criteria to judge a person's identity  or else if deepfake is used, you must show them things with with which they are familiar with, then it may help the government or the law. In my case, i would me comfortable with bollywood, cricket as my knowledge is poor in English movies and foreign singers😅😅😅",Invalid/Unclear,"Like, you seniors have used it in our tests, to mark attendance 
it may also be used during online transactions and online money related stuff, as nowadays there are more frauds going on in society.",Highly Restrictive,"yeah it may increase your judging ability, your remembering power, it will also increase your creativity if you are creating a deepfake form like this",Innovation Optimist,"i think the current context is a good one, as a mark of attendance in tests
it may also be used while testing whether it is a person or a robot during opening any of the websites",Educational/Societal
P1_121,idk,Invalid/Unclear,education ,Broadly Permissive,in education and cheating,Invalid/Unclear,to study any kind of topic its best,Educational/Societal
P1_122,"Absolutely. AI-generated content has flooded the internet, and it is nearly impossible to distinguish the truth from lies anymore.",Strict Regulatory Advocate,"I see very few potential (positive) uses for deepfake technology. Perhaps in an educational setting, it could be useful.",Highly Restrictive,"Yes, I believe it could be useful in educational purposes. The line is not defined very concretely. In my opinion, I would rather have no deepfake abilities at all. The pros are heavily outweighed by the cons.",Ethical Realist,"In an educational setting, it might make topics more relatable and easy to understand. For example, while illustrating a history lesson.",Educational/Societal
P1_123,"yes,Deepfakes can be used to fabricate speeches, fake news, or events, undermining trust in democratic processes. Without legal checks, they could destabilize elections or international relations.",Strict Regulatory Advocate,"Movies can use deepfakes to bring historical figures or deceased actors to life (with family/estate consent).
Actors could approve digital doubles for stunt scenes, reducing physical risk.
Music or art projects could experiment creatively with voices and faces, as long as audiences know it’s synthetic",Broadly Permissive,"yes,deepfakes can spark creativity by reviving historical figures for education or enhancing storytelling in films. The ethical line is crossed when there’s no consent, no disclosure, or when the intent is to deceive or harm.",Ethical Realist,"in education, deepfakes can bring historical figures like Einstein to “teach” concepts, making lessons engaging. In film, they allow realistic de-aging of actors, preserving continuity without recasting.",Educational/Societal
P1_124,no,Conditional/Skeptic,cutting movie costs by replacing the actor,Broadly Permissive,yes,Innovation Optimist,to help teach kids using deepfake of a figure,Educational/Societal
P1_125,yes because some bastard persons may use ai in different ways,Strict Regulatory Advocate,entertainment ,Broadly Permissive,somewhat yes but no because some people may use it very differently,Ethical Realist,there are some advantages like telling a story,Commercial/Entertainment
P1_126,"Yes, according to me the use of deepfake technology should be regulated by law because fake news can be circulated really fast using this technology",Strict Regulatory Advocate,to promote peace,Broadly Permissive,yes i believe the use of deepfake as a tool to bring historical figures to life would be a nice idea. using deepfake to spread wrong information about history should be punished,Ethical Realist,we can use deepfakes for training AI models through thousands of testcases,Educational/Societal
P1_127,YES,Strict Regulatory Advocate,"For educational purposes, like reading out articles, for listening tests of languages",Broadly Permissive,yes ,Innovation Optimist,"we can reimagine old images or scriptures for better clarity and studying of art
",Commercial/Entertainment
P1_128,yes as it breaches privacy,Strict Regulatory Advocate,i dont believe it should be used,Highly Restrictive,yes it cam be done but it will still offend some people,Ethical Realist,like using it in movies,Commercial/Entertainment
P1_129,"I think that the use of deepfake technology should be regulated by law as it can be used for illicit purposes, spreading misinformation in the form of personalities and many other risks.",Strict Regulatory Advocate,Deepfake technology can be used in the posthumous performance of a dead or ill performeer in the case that they have given their consent. It should also be used in multimedia wherever needed with consent to save collective effort.,Broadly Permissive,Yes. I have drawn the line between ethical and unethical uses in my above answers.,Ethical Realist,"The advantage of using deepfakes in the above context is to not stress any ill/dead performer and to save collective effort from the people who participate in creating videos, TV series and so on, wherever needed",Commercial/Entertainment
P1_130,"yes. it does not give credit to the original, consumers dont know whats the truth or lie",Strict Regulatory Advocate,"non creative field, in mundane tasks",Highly Restrictive,"no they shouldnt. art is human, nothing else",Ethical Realist,"faster mundane task completion in day to day life
",Educational/Societal
P1_131,"it should be, for the why part, idk man it just feels like it",Strict Regulatory Advocate,education,Broadly Permissive,i draw the line at exact 5 units away from ethical use and 8 units from unethical use,Invalid/Unclear,correcting old videos like 19th century type of ones ,Educational/Societal
P1_132,yes should be regulated by government for some serious exams or tests to maintain transperency ,Strict Regulatory Advocate,for entertainment ,Broadly Permissive,yes it helps me laugh seeing gandhi memes ,Innovation Optimist,no idea ,Invalid/Unclear
P1_133,Yes it should be regulated by law as the misuse probability of AI at this level is very high,Strict Regulatory Advocate,"it can be ethically used for education purposes as academically interested individuals can get a huge benefit in exploring , identifying and learning",Broadly Permissive,"it can be used for innovation , as long as AI is useful for the collective society as whole , it will be considered under ethical use of AI",Ethical Realist,"it can be used in music industry , entertainment and educational purposes as tutoring platform , ott platforms etc",Commercial/Entertainment
P1_134,yes,Strict Regulatory Advocate,none,Highly Restrictive,yes,Innovation Optimist,the mentioned above one,Invalid/Unclear
P1_135,"yes it should be regulated as it can be used to misguide, and portray something that's not actual and legitimate.",Strict Regulatory Advocate,"it can be used ethically in cases of education, entertainment industry(anime) to create something that is an imagination and bring it to reality.",Broadly Permissive,"yes it can be used to teach about history, it can be used to create better stories",Innovation Optimist,we can achieve what the human mind cannot imagine. we can use it to impart knowledge. we can use it against criminals to get out information.,Educational/Societal
P1_136,"Yeah, it can be used to produce fake evidence",Strict Regulatory Advocate,"Yeah, maybe I'm not sure",Invalid/Unclear,yes,Innovation Optimist,you have mentioned the use in the above question,Invalid/Unclear
P1_137,Yes cause it can cause many security issues on personal level to Nation level.,Strict Regulatory Advocate,"It can be used to shoot stunts, dangerous acts, which can be harmful for actors to perform.",Broadly Permissive,"Yes, it is very interesting way for everyone to learn about historical figures.",Innovation Optimist,"It is cost effective, safety for human life.",Commercial/Entertainment
P1_138,"Yes, deepfake technology should be legally regulated to prevent misuse, protect privacy, and stop misinformation.",Strict Regulatory Advocate,"Deepfake technology can be ethically used in entertainment, education, and accessibility—like movies, historical recreations, or teaching—if users are clearly informed and it serves a positive societal purpose.",Broadly Permissive,"Yes, deepfake technology can be a powerful tool for creativity and innovation—like bringing historical figures to life in classrooms, enhancing storytelling in films, or creating realistic simulations for training.

The line between ethical and unethical use is drawn based on consent, transparency, and intent:

Ethical: Clearly informing viewers, using it for education, art, or accessibility, and not harming anyone’s reputation.

Unethical: Deceiving people, spreading false information, or creating content without someone’s consent that could harm them.

In short, if it respects people and serves a positive purpose, it’s ethical; if it deceives or harms, it’s not.",Ethical Realist,"Deepfakes can enhance education, entertainment, and accessibility, like showing historical figures teaching or bringing actors to life in films. They also allow realistic simulations for training and personalized content ethically.",Educational/Societal
P1_139,yes it should be regulated as it maybe misuse many times,Strict Regulatory Advocate,in education i think deepfake can be ethically else it should not as in politics someone can portrait prime minister can say false message to the world.,Highly Restrictive,"Yes, deepfake technology can be used creatively and innovatively in films and education, bringing historical figures to life or enhancing storytelling, but ethical boundaries are crucial. The line between ethical and unethical use is drawn based on consent, intent, and impact: ethical use involves clear consent and a positive intent, such as educational or artistic expression. Unethical use occurs when deepfakes are created without consent, are used for malicious purposes like misinformation or fraud, or cause harm to individuals' reputations or relationships",Ethical Realist,"Deepfakes offer advantages in fields like media production, where they can create complex scenes with digital actors and bring historical figures back to life for artistic or educational purposes. In education, they can develop engaging historical re-enactments or language tools. For cybersecurity, deepfakes can generate synthetic data to protect original information or mislead attackers. ",Commercial/Entertainment
P1_140,It should not be regulated as it is bound to spread misinformation and cause widespread confusion about credibility of information,Strict Regulatory Advocate,Using deepfake for audio in animations can be a useful usage if known in advance,Highly Restrictive,"Enhancing storytelling can be interesting way to use deepfake, but bringing back historical figures might not be very ethical",Ethical Realist,Cutting costs is creating creative content,Commercial/Entertainment
P1_141,Yes I think it should be regulated,Strict Regulatory Advocate,It can be used for entertainment for eg there is a movie shoot and you dont have that much budget you can use a model's deepfake after his/her permission ,Highly Restrictive,Yes... using it for obscene stuff is intolerable,Ethical Realist,It can be used for entertainment for eg there is a movie shoot and you dont have that much budget you can use a model's deepfake after his/her permission. It can be used for students to teach history in a animated way,Commercial/Entertainment
P1_142,"Yes, It could be used for illegal activities if left unregulated.",Strict Regulatory Advocate,"Content creation, enternainment",Broadly Permissive,"Yes, The line is drawn when it is used for slander or misuse of these educational purposes.",Ethical Realist,In content creation and educational purposes. As mentioned above it can be used to bring historic figures to life and simulate their behavior.,Educational/Societal
P1_143,yes it should be regulated as it is very powerfull,Strict Regulatory Advocate,deepfakes can be used to promote social harmony or we can use it to create personalized messages by celebrities ,Broadly Permissive,yeah it can be used to bring back for eg Einstein so as to generate curiosity in school children,Innovation Optimist,can be used on historical figures like Einstein to teach school children ,Educational/Societal
P1_144,"Yes, otherwise anyone can use fake videos and defame anyone.",Strict Regulatory Advocate,"for entertainment purposes such as videos, movies, etc",Broadly Permissive,yes. unethical use is the defamation of anyone using this technology. otherwise it is ethical.,Ethical Realist,in movies.,Commercial/Entertainment
P1_145,"eYes.Even by the genral ouiblic, there is no utility because of the ill and misleading side effects to the society.",Strict Regulatory Advocate,no situation. not even education,Highly Restrictive,"no, better way is to enhance the teaching skills in school",Ethical Realist,i can't think,Invalid/Unclear
P1_146,"yes, unparallelled amount of propaganda and false news will be spread through this mean and as ai gets better and better it makes it insanely difficult for the consumer to identify whats real and whats fake",Strict Regulatory Advocate,deepfakes can be used in activities which require fictional creation. This will benefit both the consumer and producer.,Broadly Permissive,yes. it's ethical unless the deepfake is used to spread ideas and thoughts not created by the historical figures.,Ethical Realist,no,Invalid/Unclear
P1_147,yes its risky,Strict Regulatory Advocate,it cant be used ethically,Highly Restrictive,no it infringes copyrights,Ethical Realist,none,Invalid/Unclear
P1_148,"Yes, because it is fake.",Strict Regulatory Advocate,"Politics, education and privacy.",Broadly Permissive,"Yes. Unless related to private matters and breaches privacy, it should be ok.",Ethical Realist,Bettter use of creativity.,Commercial/Entertainment
P1_149,"Yes , deepfake technology must be regulated. Reasons are ethics , misuse , impersonation and so on.",Strict Regulatory Advocate,It can be ethically used  in cases like a voice actor who is dead/unavailable etc. ,Broadly Permissive,"Yes, the line between ethical and unethical is blurred",Ethical Realist,"educational purposes, voice acting , image editing etc ",Educational/Societal
P1_150,yes bcz we should know what is real and what is fake,Strict Regulatory Advocate,all,Broadly Permissive,i don't know,Invalid/Unclear,enntertainment,Commercial/Entertainment
P1_151,Yes because there can be illegal use of deepfake technology,Strict Regulatory Advocate,"education for blinds, entertainment with lower budget",Broadly Permissive,Yes it can be a really helpful tool within limits. It should be restricted within the societal limits and should not involve censored content,Ethical Realist,Advantages can be easier reach and production at lower costs,Commercial/Entertainment
P1_152,yes it should be regulated by the govt because it is clearly a breach of privacy and can cause serious privacy issues,Strict Regulatory Advocate,deepfake technology can be used in entertainment and education,Broadly Permissive,yes this can be very useful,Innovation Optimist,it could be used for educational purposes.,Educational/Societal
P1_153,it should not be targeted to personal uses and should have the consent of any content before using anyone.,Conditional/Skeptic,education can adopt such technologies so as to make students understand concepts in a better way.,Broadly Permissive,yes definitely it can use this technology. ,Innovation Optimist,educational purposes,Educational/Societal
P1_154,Yes because it disturbs the privacy of an individual,Strict Regulatory Advocate,For entertainment by the real man's permission and for education,Highly Restrictive,"Yes,till the individual person is not concerned",Ethical Realist,Education for students by AI ,Educational/Societal
P1_155,"yes, it may be misused",Strict Regulatory Advocate,in entertainment education it is useful,Broadly Permissive,yes,Innovation Optimist,it can be used to know a historical,Educational/Societal
P1_156,yes,Strict Regulatory Advocate,education,Broadly Permissive,yes,Innovation Optimist,Bringing historical figures to life for educational purposes and enhancing storytelling in films,Educational/Societal
P1_157,Yes,Strict Regulatory Advocate,education,Broadly Permissive,yes until its too graphic,Ethical Realist,educational videos,Educational/Societal
P1_158,"Yes, People may misuse to generate indecent pictures of others or may try to impersonate some other person",Strict Regulatory Advocate,To make movies when actor is injured,Broadly Permissive,"yes it can, we can make historic personalities come to real life",Innovation Optimist,"we can make historic personalities come to real life, dead people can talk again",Educational/Societal
P1_159,no because future entertainment will be handled by ai,Conditional/Skeptic,no,Highly Restrictive,no,Ethical Realist,yes,Invalid/Unclear
P1_160,"Yes it should be, it is very powerful and can be used for unethical reasons. It should be highly regulated and put for good use.",Strict Regulatory Advocate,Cant see many good use cases other than entertainment and education. It can be used for making better videos for education.,Highly Restrictive,"Yes absolutely, that would be an amazing use case. It is ethical as long as the viewpoints being taught from the videos are truthful, non violent, ethical and moral themselves",Ethical Realist,the previous use case of using them for bringing historical figures back to life is very interesting.,Educational/Societal
P1_161,"Yes, as it is very easy to do identity theft.",Strict Regulatory Advocate,recreating famous dead people's personas,Broadly Permissive,Use without the knowledge of the person or their family,Ethical Realist,recreating famous dead people's personas,Educational/Societal
P1_162,"yes, it can lead to misconceptions",Strict Regulatory Advocate,to detect if the websites/social media people are to are really true or just fake,Broadly Permissive,yes,Innovation Optimist,for entertainment,Commercial/Entertainment
P1_163,Yes surely,Strict Regulatory Advocate,"When there is an emergency to deliver a speech by prime minister, they can use deepfake to announce the speech,but it should be done by official people",Highly Restrictive,"Yes, it can be used for ethical ways like bringing back your loved ones back to life. Only those deepfakes which are publicly spread should be concerning and must be regulated",Ethical Realist,Bringing back our loved ones back and chatting with them in real time,Educational/Societal
P1_164,no,Conditional/Skeptic,yes,Broadly Permissive,ethical,Invalid/Unclear,yes,Invalid/Unclear
P1_165,"Yes, it should be regulated as people might misuse it for phishing or such illegal activities by impersonating someone.",Strict Regulatory Advocate,"It can be used for educational content creation, to improve accessibility via personalized translations and enhance visual effects in movies",Broadly Permissive,"Yes, it can be used. Tt is ethical if it is used to help someone, otherwise it is unethical.",Ethical Realist,For people who miss their family members can hear their voices again using deepfakes.,Educational/Societal
P1_166,Yes as it can easily be misused causing harm to a person's image and social standing also might cause violence and other problems in extreme cases,Strict Regulatory Advocate,entertainment and education to promote learning and entertainment,Broadly Permissive,"yes ,as long as it is not misused to do miscreant work",Ethical Realist,education to help students to visualize certain things without having to put manhours behind it,Educational/Societal
P1_167,"Yes, to prevent harmful use by apps that target people, especially women to extort or humiliate them",Strict Regulatory Advocate,Remaking classic movies with new-age actors,Broadly Permissive,Yes. It depends on whether the person in the deepfake consents/would have consented (in the case of dead figures) to the use of their likeness.,Ethical Realist,"Saves production time in movie production, can be used to recreate historical moments for educational purposes. ",Commercial/Entertainment
P1_168,my opinion doesn't matter,Invalid/Unclear,in entertainment purpose only,Broadly Permissive,yes,Innovation Optimist,it can be used for entertainment,Commercial/Entertainment
P1_169,"Yes, I do believe that deepfake technology should be regulate day the law. This is because of the fact that people could misuse the technology, like the recent incident with Taylor swift, and thus it should be regulated.",Strict Regulatory Advocate,"It can be used as a creative tool, like bringing back historical figures and among other things. However there arises a question, is it valid to do such a thing given the fact that we do not have their consent. The only thing I would agree with, is using deepfakes only when there is consent.",Highly Restrictive,"Yes, it can be. The line is drawn when it's misused. Like making an ad using those figures might not necessarily be right, because we are using them. for our profit,\.",Ethical Realist,advantages could be creative control.,Invalid/Unclear
P1_170,yes.its not a good thing,Strict Regulatory Advocate,i dont think it should be used ethically also,Highly Restrictive,everything is unethical,Ethical Realist,no advantages,Invalid/Unclear
P1_171,YES. Because it leads to fraudulent practices.,Strict Regulatory Advocate,In education.,Broadly Permissive,Ethical usage is for educational purposes as mentioned in the question but unethical usage is when deepfake is used to mimic people and use their faces for committing a crime.,Ethical Realist,EXAMPLE: IN EDUCATIONAL PURPOSES BY BRINGING HISTORICAL FIGURES TO LIFE.,Educational/Societal
P1_172,No. It breaches others' privacy. ,Conditional/Skeptic,For movies to portray a fictional character.,Broadly Permissive,Yes. If the consent of the person is considered.,Ethical Realist,For creative or innovative uses.,Commercial/Entertainment
P1_173,yes,Strict Regulatory Advocate,no,Highly Restrictive,yes,Innovation Optimist,no ,Invalid/Unclear
P1_174,"Yes, many celebreties might face problem",Strict Regulatory Advocate,"By movie productions for entertainment,actor's workload will be reduced",Broadly Permissive,Yes.Celebreties pics should not be misused.,Ethical Realist,"In education,entertainment. ",Educational/Societal
P1_175,"Yes, it would reduce spreading of fake information",Strict Regulatory Advocate,entertainment,Broadly Permissive,Yes.,Innovation Optimist,fake photos of celebrites,Commercial/Entertainment
P1_176,"Yes . It can be misused in many ways , like making political statements ",Strict Regulatory Advocate,can be used in education,Broadly Permissive,yes . Line should be drawn to promoting fake agendas by portraying those figures,Ethical Realist,In education . Like making the person who discovered the stuff explaining the thing he discovered,Educational/Societal
P1_177,yes. deepfake can be manipulated to dpread misinformation or defame people.,Strict Regulatory Advocate,It can be used in entertainment if the person has given his consent and is aware of the video will portray him.,Highly Restrictive,yes it can be used in such a way but it should be regulated to not spread misinformation.,Ethical Realist,Some advantages can be in entertainment industry such as de aging and it can be used to enact histrorically significant events.,Commercial/Entertainment
P1_178,Yes it should be. It can be used for many illegal purposes such as faking someone.,Strict Regulatory Advocate,for education purposes some famous personality can be shown teaching kids which helps them remember things easily,Broadly Permissive,"this is possible, infact it is a good idea to use deepfake technology this way",Innovation Optimist,i cant think of any right now,Invalid/Unclear
P1_179,"It should definitely be regulated by law because as this technology improves it gets harder and harder to differentiate the fake from real. This might result in massive issues like CCTV, video, audio evidence etc might be tampered with using this and it can also be used to spread tons of misinformation on online platforms.",Strict Regulatory Advocate,"Sure, in such cases deepfakes work when everyone knows that its not real, for example in the entertainment sector there can be a gameshow which is based off of this ""AI or not AI"". Politics and education is a dicey topic because misinformation will be extremely easy to spread using deepfakes there, so I would think that its better to avoid deepfake technology in those cases.",Highly Restrictive,"Yeah this does seem like a good application of deepfake technology and it could help in capturing the attention of the students, but I still feel this should be regulated because if the teacher is biased then they can add subtle differences to propagate their opinion. ",Ethical Realist,"Entertainment, education(regulated) ",Commercial/Entertainment
P1_180,"yes, it can lead to wrong accusations for a good person",Strict Regulatory Advocate,"it can be used for educational and recreational purposes. for teaching, showing beautiful scenery , funny scenes etc.",Broadly Permissive,"yes , it can. it is ethical upto the point where it doesnt hurt any body,or the historical figure is insulted in any way",Ethical Realist,"it can be used to show some events which happened it the past , and is difficult to express/describe",Educational/Societal
P1_181,"yes , many career options will get eradicated like singing , modeling etc.",Strict Regulatory Advocate,for content creation,Broadly Permissive,yes,Innovation Optimist,visualisation,Educational/Societal
P1_182,"Yes, certainly it needs to be regulated. It could lead to misinformation, misconceptions and even defamation of individuals",Strict Regulatory Advocate,"Yes, informing users beforehand is the best option.",Highly Restrictive,"Yes, but by respecting the boundaries of the individuals. Only using it for associating it with their own image. It should not be something that the person would not want to project to the society",Ethical Realist,"As suggested by the form before, it could help bring historical figures to life and enhance storytelling and all.",Educational/Societal
P1_183,yes it should be regulated because people can misuse deepfake technology and blackmail other,Strict Regulatory Advocate,used in promoting equality and unity,Broadly Permissive,yes it can be used in research,Innovation Optimist,promoting equality and research perspective,Educational/Societal
P1_184,Yes as it has very dire consequences,Strict Regulatory Advocate,It can be used to cast dead actors in movies who fans love,Broadly Permissive,yes,Innovation Optimist,Deepfakes can be used in entertainment,Commercial/Entertainment
P1_185,Yes . Because it breaches the privacy of the people whose faces are being used without their permission . It should be regulated by the government for these purposes . ,Strict Regulatory Advocate,For social awareness . For reaching out to mass people through one voice which everyone will listen . ,Broadly Permissive,Yes it should be introduced for educational purposes so that children's learning becomes more enhanced . ,Innovation Optimist,Breaching of privacy of people . ,Invalid/Unclear
P1_186,Deepfake should be regulated because it invades the privacy of people and uses the people's face or voice to create fake instances of them and could lead to mental distress or even in some cases influence the opinion of the public.,Strict Regulatory Advocate,"i think deepfake technology can be used in movies,songs etc only with the permission of the people.",Highly Restrictive,"yes deepfake can be used for ethical purposes but it can be called ethical only if permission to use it is received by the people or family members.
",Ethical Realist,"for eg in movies: we can use it in place of actors if they are not available.
for eg in songs or education: we can use the voice of the people to enhance the experience or story telling.",Commercial/Entertainment
P1_187,No it cannot because everyone has access to AI,Conditional/Skeptic,Only by defence agencies,Highly Restrictive,No,Ethical Realist,Can be used by secret service agencies to deceive the criminals to do stuff on their command,Educational/Societal
P1_188,i can say no because it might harmful for some reasons,Invalid/Unclear,in terms of education for classes and enterainment for dubbing,Broadly Permissive,abcdef,Invalid/Unclear,yah it might be used in education and entertainment,Educational/Societal
P1_189,"The technology can be used maliciously for spreading misinformation, election meddling, and creating non-consensual explicit content. Regulations could help establish accountability, but they must be carefully balanced to protect free speech and legitimate creative or satirical uses",Conditional/Skeptic,"Even with good intentions, challenges are significant.

Technically, creating a flawless, undetectable deepfake is difficult, and reliably watermarking or detecting them is an ongoing race.

Legally, laws lag far behind. Issues like defining consent for the deceased, handling cross-border jurisdiction, and proving satirical vs. malicious intent remain complex gray areas.",Highly Restrictive,"Yes, deepfakes can be a powerful creative tool for education and film. The ethical line is drawn at consent and intent. Ethical use requires permission from the person being depicted and aims to entertain or educate without deceiving the audience. Unethical use lacks consent and intends to harm, defame, or manipulate",Ethical Realist,"In entertainment, deepfakes have significant advantages. For example, they can seamlessly dub films into foreign languages by matching actors' lip movements perfectly. In accessibility, the technology can recreate a person's voice who has lost their ability to speak, based on old recordings, greatly improving their communication.",Commercial/Entertainment
P1_190,.,Invalid/Unclear,th,Invalid/Unclear,g,Invalid/Unclear, bg,Invalid/Unclear
P1_191,Yes. Because AI can simulate any person's voice or edit their videos to make NSFW content which would ruin their reputation. Proper consent must be taken before generating anything that is deepfake,Strict Regulatory Advocate,Deepfake can be used to create funny content with consent from the user being projected in the content. It can also be used to create maybe funny animations/creative animations of characters from movies or games who are not real. It saves time and supports entertainment without anyone being hurt.,Broadly Permissive,Yes this is a great way to bring historical figures to life for educational purposes since we as humans can perceive audio and video better than just reading textbooks. But it should be purely educational and should not hurt anyone's personal view of that historical figure by making fake content about things that they've never done,Ethical Realist,I think i've already given some above like make funny and creative content of your original characters that are not real and can be used for educational purposes or entertainment purposes,Commercial/Entertainment
P1_192,yes,Strict Regulatory Advocate,yes,Broadly Permissive,yes,Innovation Optimist,we can create wonders,Commercial/Entertainment
P1_193,Yes because if it ends up landing on the wrong hands then there might be trouble in case of criminals who can use this to fake their identity and more such.,Strict Regulatory Advocate,in case of education we can use it for children to show that their favourite cricket player of actor or idol is teaching them a class and make them feel more interactive to the subject.,Broadly Permissive,yes it can be used for animations and videos. The border is drawn when it goes into the illegal minds and goes into the personal space of one.,Ethical Realist,"advantages of deep fake, can be used for teaching learning things in a human interactive manner .",Educational/Societal
P1_194,"yes ,otherwise it might use for illegal purposes",Strict Regulatory Advocate,It can be used by converting textbook to audiobook,Broadly Permissive,"Deepfake can enhance education and storytelling by animating historical figures or characters. But using them to deceive, impersonate without consent, or spread misinformation is unethical. The line is clear: creativity with transparency and permission is fine—manipulation or harm is not.
",Ethical Realist,"Deepfakes can animate historical figures for education, recreate actors in films, and localize content across languages. They enhance storytelling and accessibility when used with consent and transparency. However, misuse for deception or impersonation crosses ethical lines. Responsible use balances innovation with respect for truth, privacy, and individual dignity.
",Educational/Societal
P1_195,it should be regulated but not as much the indian government censors movies. it should be allowed under fair use and sattire but not explicit things,Conditional/Skeptic,can be used in audio education so students can hear familiar voices of maybe actors or any person they like which might increase focus and attention,Broadly Permissive,yes it can be useful but there are many possible unethical ways it can be used .... for example any dictator can be made like a person again and spread propoganda,Ethical Realist,"De-age actors for flashback scenes or to portray a younger version of a character, as seen in movies 
recast deceased actors to complete a film or allow their legacy to live on like chadwick boseman
Create immersive and interactive experiences. Museums and exhibitions can use deepfakes to bring historical figures to life
Translating speech to sign language. Deepfakes can generate a realistic avatar that converts spoken words into accurate sign language, making videos and other content ",Commercial/Entertainment
P1_196,"yes, as its dangerous",Strict Regulatory Advocate,for the unavailability of important persons,Broadly Permissive,"yes, unethical if it is impersonating",Ethical Realist,dont use,Invalid/Unclear
P1_197,"No,it can mislead a large amount of population ",Strict Regulatory Advocate,Yaa maybe for educational purposes..to depict an event or something ,Broadly Permissive,Yaa possible ,Innovation Optimist,"In context of education..it has several advantages 
Eg:Bringing historical,political people in a frame to explain geopolitics and history in a better way",Educational/Societal
P1_198,yes. it should be. otherwise fraudsters and crime rate will increase drastically.,Strict Regulatory Advocate,deepfake technoly can be used ethically if it is used for the benefit of all and after giving the required disclaimers. ,Highly Restrictive,"when it is used for the purposes which are either illegal or non-ethical, then it is its unethical use.",Ethical Realist,"teaching students with deepfake, as a phsyicologist , etc. ",Educational/Societal
P1_199,"No, restricts innovation",Conditional/Skeptic,"Education: In case a teacher falls ill, we can have pre-recorded content but include a deepfake of the teacher explaining it, so long as everyone involved knows it is a deepfake.",Highly Restrictive,Yes,Innovation Optimist,Same as the answer two answers above,Educational/Societal
P1_200,"Yes, since use of deepfakes can lead to creation of misleading videos, seemingly created by public figure, which can be harmful.",Strict Regulatory Advocate,For entertainment purposes deepfakes can be ethically used. Ex. using deepfakes on stuntmen and replacing actors' faces.,Broadly Permissive,"If the creation sparks debate or is offensive to somebody, it can be deemed as unethical.",Ethical Realist,Can be useful in entertainment or education.,Commercial/Entertainment
P1_201,"Yes. It can be used for unfair uses such as defaming a person, etc.",Strict Regulatory Advocate,In movie dubbing to cover minor errors in voice,Broadly Permissive,"Yes, we can use deepfake for that. We must not use such figures for abusive or offensive content",Ethical Realist,In movie dubbing to cover minor errors in voice,Commercial/Entertainment
P1_202,Yes ,Strict Regulatory Advocate,Education,Broadly Permissive,Yes,Innovation Optimist,Education,Educational/Societal
P1_203,"Yes,Helps to differentiate between fake and real increasing efficiency of law",Strict Regulatory Advocate,"for maintaining law, for mental peace",Invalid/Unclear,"Yes, when it changes the events of the past or manipulates for own good",Ethical Realist,"entertainment,education,politics,creativity",Commercial/Entertainment
P1_204,"Yes, privacy protection ",Strict Regulatory Advocate,For entertainment ,Broadly Permissive,"Yes,it is okay untill it gets to common",Ethical Realist,I guess for educational perpose,Educational/Societal
P1_205,"yes, it should be regulated because they can mislead people",Strict Regulatory Advocate,entrtainment,Broadly Permissive,yes. should not mislead people,Ethical Realist,better understanding knowledge,Educational/Societal
P1_206,yes as it can cause harm to anyone's reputation by creating fake images or audio as well as might be used to create disputes,Strict Regulatory Advocate,example being to teach students how history happened by stimulating videos which gives real life experience,Broadly Permissive,AS I aldready answered the above question in previous question I would like to repeat it :example being to teach students how history happened by stimulating videos which gives real life experience,Innovation Optimist,stimulating real life teaching to students,Educational/Societal
P1_207,"Yes, because it can cause many problems.",Strict Regulatory Advocate,for promoting harmony,Broadly Permissive,maybe,Invalid/Unclear,I don't know,Invalid/Unclear
P1_208,"No,someone might do scam through it",Strict Regulatory Advocate,Entertainment ,Broadly Permissive,Yes,Innovation Optimist,We can use to make movie based on historical figures ,Commercial/Entertainment
P1_209,"it should be since not doing so can lead to fake persons, and no accountability for actions under the fake person",Strict Regulatory Advocate,to bring more actors in entertainment without increasing price,Broadly Permissive,the line is that people should know that the character/content is deepfake,Ethical Realist,i dont know,Invalid/Unclear
P1_210,"Yes, because your identity is getting shared",Strict Regulatory Advocate,"Yes,for saving someone from mental illness",Broadly Permissive,No,Ethical Realist,"For entertainment,like pranking friends",Commercial/Entertainment
P1_211,"no, cause its bad",Invalid/Unclear,"    Film and TV: Recreating actors for sequels or historical characters (e.g., de-aged characters or posthumous performances) with proper rights and consent.

    Voiceovers and dubbing: Enhancing multilingual accessibility or restoring damaged audio using AI-generated voices.
",Highly Restrictive,yes,Innovation Optimist,"Advantage: Reviving characters or actors without reshoots
Example: In Star Wars: Rogue One, deepfake-like technology was used to recreate the likeness of Peter Cushing as Grand Moff Tarkin, decades after his death. This allowed continuity in storytelling without casting a lookalike.
",Commercial/Entertainment
P1_212,"Yes, deepfake technology must be regulated by law because despite having many upsides, it can be misused in many ways.",Strict Regulatory Advocate,"One example of a situation where deepfakes can be rightfully used is making a historical documentary to teach students about history using realistic ""clips from the past"".",Broadly Permissive,Deepfakes can be used in film making,Innovation Optimist,"Deepfakes could be advantageous in simulating ""un-recorded moments"" for education",Educational/Societal
P1_213,"Yes definitely, every deepfake image should be embedded with a tag that is immutable and can be easily accessed by the user that indicates that the data is a deepfake. watermarks are not enough. Reason is, they can be misleading and many malpractices can be carried out using them if the user is not infromed about the reality of the content.",Strict Regulatory Advocate,deepfakes can be used in vfx and movies but i see very less aplications of deepfakes beyond this.,Highly Restrictive,"Yes deepfakes can be used to make hisotrical events vibrant and vivid but to draw a line between ethical and unethical use, the user must always be informed about the content he or she is consuming. They should be well aware of wether the content they are consuming is a deepfake or not.",Ethical Realist,Deepfakes can help to imagine things of which we have very less record which can help in the entertainment industry and for education.,Commercial/Entertainment
P1_214,"yes, They should be regulated because it can invade the privacy of one person,mislead others and be used for wrong things",Strict Regulatory Advocate,They can be used in the Entertainment industry for de aging contingent that they have the permission of the Actor/actress,Highly Restrictive,"Yes, but as long as it is used for recreating things and not creating something which never was  ",Ethical Realist,"can be used for visual learning, can cut back movie production cost and time instead of paying for the actor.",Educational/Societal
P1_215,"Yes, I do believe that deepfake technology should be regulated by law, as unregulated use of the technology can lead to many legal and impersonation and various other issues. Apart from that, many of the current security and authorization technologies use technology which can be tampered due to deepfake technologies",Strict Regulatory Advocate,"Deepfake technologies can be ethically used in entertainment, education.",Broadly Permissive,"Yes, I believe deepfake technology can be a tool for creativity and innovation, such as bringing historical figures to life for educational purposes or to enhance storytelling in films.
Usage of deepfake technology becomes unethical when it leads to impersonation in order to breach security or personal lives of people.",Ethical Realist,"Education can be a sector where deepfakes can be used to a huge advantage, as it allows to make the subject interesting by introducing characters seen in entertainment, etc. with consent.",Educational/Societal
P1_216,"Yes, As it can cause as it can be used to spread misinformation very easily ",Strict Regulatory Advocate,It can be used to create new original story in entertainment very easily.,Broadly Permissive,Yes it can be. Using it to create your own work is ethical,Innovation Optimist,It reduces entry skill : in art,Commercial/Entertainment
P1_217,"Yes , because it can lead to ruining someone's reputation.",Strict Regulatory Advocate,Deepfake is manier times used in movies to do some stunts which the actor can't perform,Broadly Permissive,If the figures are used appropriately without giving out any misleading information it can be used for educational purposes.,Ethical Realist,You can generate beautiful pictures without even visiting that place.,Commercial/Entertainment
P1_218,Yes. Deepfake technology might cause many scams and might be misused to perform unethical crimes,Strict Regulatory Advocate,"Yes. This can be utilised in reading events, announcers of any kind etc.",Broadly Permissive,"Yes, it can be a tool for creativity and innovation. We can draw the line between ethical and unethical use when the technology starts harming peoples lives and livelihoods.",Ethical Realist,Live announcers can be replaced maybe.,Commercial/Entertainment
P1_219,"Yes, it allows for bad actors to implicate innocents  fairly easily.",Strict Regulatory Advocate,CGI for movies (especially remakes given prior consent of actors),Broadly Permissive,"Yes, when the person whose voice is used gives explicit consent. It should be included with a disclaimer whenever used.",Ethical Realist,To recreate scenes where previous actors are unable to perform. Example is the scene in Mandalorian.,Commercial/Entertainment
P1_220,"yes, it should be regulated. There is no consent of the involved members, reduces quality of the work etc",Strict Regulatory Advocate,"for protecting the nation like army ,  in education to censor etc",Broadly Permissive,yes. it can be used for historical figures unless it offends some one. it should not be used as a fake of someone .,Ethical Realist,"educational videos in school,etc",Educational/Societal
P1_221,"yes, it is misleading",Strict Regulatory Advocate,entertainment and education,Broadly Permissive,"yes, unless it harms the dignity and living of individual it is not really unethical",Ethical Realist,"to simulate procedures in medical field, for creating movies",Educational/Societal
P1_222,"Yes, because bad guys can use them to blackmail someone or can do higher crimes",Strict Regulatory Advocate,"for entertainment , we can create the the scene which will never be done in real life.",Broadly Permissive,"yes , deepfake technology cam be used for creativity and innovation to bring historical figure to life. but it should be under some limits .",Ethical Realist,to make a historical singer sing a new song,Commercial/Entertainment
P1_223,Yes it should be regulated strictly by the law as it causes much harm to famous personalities and even common individuals in a very very disrespecting manner and harms their reputation greatly if used for the wrong purposes.,Strict Regulatory Advocate,While communicating with people not familiar with the language you speak.,Broadly Permissive,Yes surely it can be used but only to the extent that the core personality of the figure is not modified greatly.,Ethical Realist,Education.,Educational/Societal
P1_224,yes to prevent it's misuse,Strict Regulatory Advocate,"entertainment, education, politics etcc.",Broadly Permissive,yes. when people spread false information using the face of other famous people. ,Ethical Realist,in entertainment purposes i guess like in movies and other shows as the money spent is a lott but if we start using deepfakes it can reduce the expenditure cost and result in profits ,Commercial/Entertainment
P1_225,NO because too many wrong uses,Strict Regulatory Advocate,"reproducing lower quality images,videos or audios with consent to a higher quality",Broadly Permissive,"yes deepfake technology can be used in that context, the moment it hurts someone,like reproducing someone's artwork without consent,is where i draw the line",Ethical Realist,Using it to tell children's story.For example showing them a video where einstein teaches basic counting.Fun as well as informative,Educational/Societal
P1_226,"YES , DEEP FAKE HAS TO BE REGULATED AS THIS CAN BE USED FOR MISINFORMATION , PROPAGANDA . IT CAN EXTEND TO DEFAMATION AND COPYING OF ARTISTIC WORK AS IN GHIBLI TREND",Strict Regulatory Advocate,DEEP FAKES SHOULD BE USED TO MAKE STORIES THAT PROMOTE HARMONY AND SEND MESSAGES IN CRITICAL SITUATIONS LIKE STORM AND CALAMITIES,Broadly Permissive,YES THIS CAN BE USED FOR PEOPLE WHERE HISTORICAL FIGURES  POV MAY BE USED  BUT IT IS UNETHICAL WITHOUT CONSENT . ALIVE PEOPLE SHOULD NOT UNDERGO THE HARRASMENT OF DEEP FAKE,Ethical Realist,"CAN BE USED TO SPREAD MESSAGES IN CALAMITIES , TO SPREAD NATIONAL NEWS WITH CONSENT",Educational/Societal
P1_227,Yes because it is useful for us so my answer is yes deepfake should be regulated ,Strict Regulatory Advocate,.....,Invalid/Unclear,.....,Invalid/Unclear,.....,Invalid/Unclear
P1_228,Yes ,Strict Regulatory Advocate,All fields,Broadly Permissive,Yes,Innovation Optimist,Using deep fake for the welfare of humanity,Educational/Societal
P1_229,"Yes, it can be  used to identity scams and should be regulated",Strict Regulatory Advocate,"Entertainment, Video Editing ",Broadly Permissive,"Yes as long as it doesen,t harm anybody",Ethical Realist,Video Editing,Commercial/Entertainment
P1_230,"No. It is a highly dangerous tool to be used in today's society, and it can lead to global chaos.",Strict Regulatory Advocate,yes,Broadly Permissive,yes,Innovation Optimist,"Advantages are mainly that few videos which are impossible to depict can be depicted easily.
Example : A movie with main leads as Ranbir Kapoor and Katrina Kaif",Commercial/Entertainment
P1_231,Yes it should be ,Strict Regulatory Advocate,Entertainment,Broadly Permissive,Yes for historial purposes,Innovation Optimist,For entertainment it is good like PM singing Saiyaara,Commercial/Entertainment
P1_232,"yes, because helps us from detecting scams",Strict Regulatory Advocate,it should not be used,Highly Restrictive,yes it can be a tool for creativity,Innovation Optimist,to innovate something ,Educational/Societal
P1_233,yes cause it can be misused,Strict Regulatory Advocate,it can be used like to explain history make movies etc,Broadly Permissive,yes it can be used for better understanding but the line where we should draw is that we must first get the consent of the person ,Ethical Realist,can be used to make history related movies for better understanding,Educational/Societal
P1_234,yes it should be regulated because it disturbs the society by spreading false information,Strict Regulatory Advocate,for bringing historical figures to life for educational purposes,Broadly Permissive,it should not be used for tampering the available information,Ethical Realist,we can use them for educational purposes,Educational/Societal
P1_235,"No, as it very much harms the user to which the deepfake is made. It can seriously damage the dignity of it and also will increase scams",Strict Regulatory Advocate,"It can be used to edit a picture, create a funny meme, storytelling to kids, etc",Broadly Permissive,"Yes, The line will be drawn when deepfake is used for harming others in any way",Ethical Realist,"Entertainment, storytelling, editing, etc",Commercial/Entertainment
P1_236,Yes,Strict Regulatory Advocate,In education ,Broadly Permissive,No,Ethical Realist,For new ideas,Educational/Societal
P1_237,It should regulated because there is a scope of a lot of illegal activities  that can happen without the consent of the actual person.,Strict Regulatory Advocate,"In the movie industry, for filming dangerous stunt scenes where a stuntman does the scene and the face of the actor could be deepfaked on the stuntman.",Broadly Permissive,Yes but only historical figures in an ethical manner.,Ethical Realist,"In a cosmetic clinic, before doing a plastic surgery the patient can check what they would look like after the surgery.",Commercial/Entertainment
P1_238,Yes I think deepfake technology should be regulated by law as it is slowly becoming more tricky to differentiate between real and deepfake data,Strict Regulatory Advocate,"In education, like if we need to show a simulation but there is no real life data which is present we can use generated data",Broadly Permissive,"Yes, deepfake can be used in an ethical way as long as the person who uses this technology is ethical. When it comes to education or entertainment, using such technology is fine, but if it is used to spread false news or scamming, then it becomes dangerous",Ethical Realist,"Simulating a rocket landing on the moon or mars, using real physics. This can actually give valuable insights to people who are working to make it reality",Educational/Societal
P1_239,Yes it should be highly regulated by law and there should exist authorities which monitor misuse of this technology since it can be used in wrong and unintended ways and create problems for innocent people.,Strict Regulatory Advocate,The technology can be used for entertainment. It should be avoided for sensitive situations such as politics. Also any person being involved in the technology should offer his/her consent.,Highly Restrictive,"Yes it can be used to for better education. However the line between ethical and unethical use is very thin and it will be dynamic. There might be situation considered ethical today but unethical in the future. Also with the use of technologies, new unethical uses can be created so the line will keep changing.",Ethical Realist,"It can have several advantages in education. It can be used for better visualization, understanding and unlocking teaching methods not possible with blackboard and chalk.",Educational/Societal
P1_240,"NO, its indirectly forcing a person to say stuff he which he doesn't want to ",Strict Regulatory Advocate,It might be helpful in educational field . ,Broadly Permissive,"Yes , the content should be limited to education purpose and shouldn't enter into the field of adult stuff or using them to abuse other nations ethics ",Ethical Realist,Using it to create a picture of Shivaji maharaj and telling the people or students his historical tales as an inspirational story ,Educational/Societal
P1_241,"it should be. It can be used to impersonate famous people, or even close relations. Specially people who are not much known to the technology world.",Strict Regulatory Advocate,politics,Broadly Permissive,Definitely. It can be used to teach and let the upcoming generation know about historical figures and personalities in a fun way.,Innovation Optimist,"Deepfakes can be used for use of imagination to create fictional ideas of people, more in the entertainment sense.",Commercial/Entertainment
P1_242,it should be regulated since its getting too good ,Strict Regulatory Advocate,it should not be used ,Highly Restrictive,this is a good example for this case it can should be considered ethical ,Innovation Optimist,to improve education,Educational/Societal
P1_243,Yes it should be.It is very easy to missuse this technology for illegal acts.,Strict Regulatory Advocate,Educational purposes.,Broadly Permissive,The line between ethical and unethical is very fine so it should be heavily regulated,Ethical Realist,education.,Educational/Societal
P1_244,yes. because deepfake technology may deceive people,Strict Regulatory Advocate,entertainment,Broadly Permissive,yes,Innovation Optimist,take photos,Commercial/Entertainment
P1_245,Yes it should be regulated by the law as it could effect security and privacy of individuals,Strict Regulatory Advocate,"Deepfake technology can be used ethically when applied with transparency, consent, and for positive purposes such as education, entertainment, accessibility, and cultural preservation. For example, it can recreate historical figures for classrooms, de-age actors in films, or provide synthetic voices for people with disabilities, as long as viewers are informed that it is AI-generated.",Highly Restrictive,"es, deepfake technology can absolutely be a tool for creativity and innovation—for instance, bringing historical figures to life in classrooms to make learning more engaging.",Innovation Optimist,"Deepfakes can offer clear advantages when applied in the right context. For example:
Education: Teachers could use deepfakes to recreate historical figures like Einstein or Rani Lakshmi Bai delivering speeches, making lessons more engaging and memorable for students.",Educational/Societal
P1_246,"Yes,I do think that it should be regulated because it crosses ethical boundries.",Strict Regulatory Advocate,it can be used in the education industry ethically.,Broadly Permissive,yes it can bring in new ideas and inspiration when it gets too personal we have to limit it,Ethical Realist,deepfakes can be used to promote harmony among nations if utilized in a proper way,Educational/Societal
P1_247,"Yes, The use of deepfake should be regulated because it can have severe implications if used wrongly. Someone can create a deepfake of someone doing something illegal or create fake evidences for a law suit and with advanced technology it becomes increasingly difficult to differentiate hence it is better to regulate.",Strict Regulatory Advocate,"It can be also used ethically to create educational content, a short film with some social message.",Broadly Permissive,"Yes ! Deepfake will be very useful in bringing historical figures to life making a heavy subject lite, interactive and interesting. The only line between ethical and unethical use is the intention of the use of deepfake. If it is to harm someone then definitely it is unethical.",Ethical Realist,"DeepFake can be used extensively in educational purposes. Especially subjects like history.
Also it can be used to picturize hard social concepts to make them understandable to rural and less informed people.",Educational/Societal
P1_248,"Yes , or it would be an disaster differentiating real and unreal for some fields ",Strict Regulatory Advocate,"Education , Therapy",Broadly Permissive,"If each historical figure is given only an certain role such as if you dont turn the character like from literal good to bad or bad to good , I think that’s fine",Innovation Optimist,Like studying from someone who you idolise ,Educational/Societal
P1_249,"yeah it should be regulated. these days it is very hard to ditinguish what is real and not. we the youth understand that this may be a deepfake and not believe it but some in part of the world ,someone's mom would think that this is all real and misguide other elder people like her .if this keeps growing ,we wont be able to differentiate what is real and what not 
many court cases are based on these videos which can be misused in many ways",Strict Regulatory Advocate,it shoulb be specifically mentioned that it is a deepfake and everyone should be made aware that this is deepfake and what it means then only we can use it in any form,Highly Restrictive,i think it is completely unethical. it might be funny in ways,Ethical Realist,"like i mentioned court cases and if not court cases ,then in a society justice needs to served and if someone leaks some deep fake video of other doing wrong and can accuse him of bad doing and his reputation may be ruined .once it is ruined no body cares if it was deepfake or real",Educational/Societal
P1_250,"Yes, I do believe that deepfake technology should be regulated as it capable of reaching a very large audience in a very short amount of time if used with malicious intents. People in the past have advocated proactively for the same because they have been either harmed/tried to be copied using deepfake technology.",Strict Regulatory Advocate,Deepfake is especially useful in the education sector as it can convert monotonic and boring books and lectures into AI based learning models with interactive classes. Entertainment industry would see a drastic change as actors would be replaced by animators who use deepfake technology to recreate the same scenes in a way cheaper and faster manner.,Broadly Permissive,"Yes it can very well be used for ethical purposes as mentioned above, but still need regulations as it's a thin line between using it to promote unity and radicalize a group of people against each other. Even unintentional use might lead to bad outcomes.",Ethical Realist,"Deepfakes can be used in the education sector, entertainment industry, healthcare sector, security as it may enable automate these sectors very efficiently",Educational/Societal
P1_251,"Yes, as criminals may misuse it for blackmailing and impersonating.",Strict Regulatory Advocate,none,Highly Restrictive,"Yes, I draw the line where the technology is being used to threaten, bully or impersonate someone",Ethical Realist,As mentioned above recreate historical figures for educational use,Educational/Societal
P1_252,"Yes, it definitely should be. Considering the maturity level of today's generation, it is highly likely that the technology is going to be misused.",Strict Regulatory Advocate,"By giving a genuine disclaimer and also, not using it multiple times for the same person( not targeting someone like that), I think, in such situations, it is ethical.",Highly Restrictive,"Yes it definitely is a great tool for creativity and innovation but that aspect of the technology is rarely going to be used. Mostly, I believe, people are gonna use it for entertainment only. But if someone is actually using in a good way, like not harming someone's image in society, and rather producing some creative and fun articles, it's good in that way.",Innovation Optimist,For entertainment and using your talent in creativity to create harmless contents.,Commercial/Entertainment
P1_253,yes since there can be breach of privacy and question to safety and welfare of people.,Strict Regulatory Advocate,when we need a substitute in absence of the actual person/facility.,Broadly Permissive,yes until it does not manipulate the users w.r.t historical facts.,Ethical Realist,in advertisements : we dont want to interupt the real person for short period of screentime if he is busy etc.,Commercial/Entertainment
P1_254,"Yes, the use of deepfake technology should be regulated by law as it can create miss-trust or spread miss-information among masses. ",Strict Regulatory Advocate,For using it to make personalised advertisements,Broadly Permissive,"Yes deepfake technology be a tool for creativity and innovation, such as bringing historical figures to life for educational purposes or enhancing storytelling in film. That it doesn't offend a community or spread miss-information.",Ethical Realist,To create content.. ,Commercial/Entertainment
P1_255,"It's pretty complicated. On one hand, deepfakes can be super sketchy, especially when people use them to mess with elections or make fake, messed-up videos of people without their permission. That's for sure a reason to have laws.
But then, what about art and comedy? Like, making funny videos or something for a movie. If you regulate it too much, it could stop people from being creative. Plus, it's hard to make a law that's strict enough for the bad stuff but not so strict that it takes away free speech. It's a whole thing.",Conditional/Skeptic,"I guess if everyone knows it's a deepfake, like in movies to make actors look younger or for cool special effects. Or even for education, like to make a historical figure give a speech to make a history class less boring. So yeah, for sure, if you tell people beforehand and it's for something good, not to trick anyone.",Highly Restrictive,"Yes, for sure, it can be a tool for cool stuff. Like, bringing a historical person to life for a documentary or de-aging an actor in a movie, that's pretty awesome. The line is really about consent and intent. If it's done with permission and for something good, like for entertainment or to make education more engaging, then it's probably okay. But if you use it to trick someone, spread fake news, or mess with people without their permission, that's where it gets super sketchy and is definitely not cool.",Ethical Realist,"Entertainment and filmmaking, education, content translation, medical and scientific research, etc",Commercial/Entertainment
P1_256,"No, because unlawful people can then practice identity theft and infiltrate privacy without consent.",Strict Regulatory Advocate,"I can be done in rare occasions, for example while a person reads out their own will after their death etc.",Highly Restrictive,"Yes it can be used, but keeping in mind religious and historical sentiments.",Ethical Realist,"It can be used ""ethically"" against con artists, at adverse conditions where intuition plays a larger role than real evidence.",Educational/Societal
P1_257,"Yes, it should. Unregulated deepfake technology could lead to misuse and allow people to defame or impersonate another person.",Strict Regulatory Advocate,"Yes, it can be ethically used too. It could be used for entertainment. As long as the user has given their permission, it is ethical.",Highly Restrictive,Yes. The line is crossed when a deepfake shows a figure with views/opinions/morals completely different to what they had promoted.,Ethical Realist,It could be used to create audiobooks with perfect pronunciation,Commercial/Entertainment
P1_258,yes because it becomes dangerous if not contolled,Strict Regulatory Advocate,In any secret operations carried by the government,Broadly Permissive,yes it is definitely useful,Innovation Optimist,using deepfake can be used in raw related operations of a government,Educational/Societal
P1_259,"Yes, I think it should be regulated by law. A lot of innocent people get scammed by the use of this technology and lose a lot of money in the process.",Strict Regulatory Advocate,For entertainment and educational purposes like bringing historical figures to life. For marketing purposes when the customers are aware.,Broadly Permissive,It is ethical only if everyone who sees/hears it is made aware that it is fake.,Ethical Realist,Educational purposes. Kids can learn history better by looking at deepfakes of historical figures.,Educational/Societal
P1_260,"Yes ,it should be regulated by law as it can be used to scam many innocent people.",Strict Regulatory Advocate,Deepfake can be used in film making or audio books.,Broadly Permissive,It can be used in film making and other things but it should not be used to scam people.,Ethical Realist,Some advantages can be that it can be used in educational purposes as to make some figures from textbook to life.,Educational/Societal
P1_261,"Yes it should be regulated. Otherwise there is a high chance of no. of scams increasing, deception also will increase.",Strict Regulatory Advocate,"In some movie franchises like Alien, Star-Wars , actors who passed away in real life were brought back into the movies using deepfake technology. I think that the use of deep-fake technology can help in cases like that when the movies have to go ahead but at the same time paying money to the actors' family for using that actors deepfake.",Broadly Permissive,Yeah that would increase the interest of students in education. But it must be considered unethical if used for spreading of misinformation or using them inappropriately.,Ethical Realist,Can be used for educational purposes for bringing back the historical figures from dead. Can also be used in video games to give tribute to a very great player of that game or a developer. And as mentioned earlier it can also be used in movies.,Educational/Societal
P1_262,"Yes ,every technology is double edged and can be both helpful as well as dangerous so some regulations are required",Conditional/Skeptic,In entertainment and historical aspects,Broadly Permissive,"yes, as long as technology dosent hurt anyone's sentiments, it can be used ",Ethical Realist,To study history and various historical figures or reimagining a scene like some crime scene or something,Educational/Societal
P1_263,Yes this can lead to mass spread of misinformation which is already a big issue in our society ,Strict Regulatory Advocate,Can be used for content creation or for making photos of yourself in imaginary places,Broadly Permissive,Yes it can be used for doing this but it brings almost no real benefit in educational purposes. The potential risks it poses are far greater than the benefit which it can bring about ,Ethical Realist,Again in content creation it can be used to make a photo of a person in thumbnails of youtube videos.,Commercial/Entertainment
P1_264,"Yes it should be regulated by law because it can be misused. Real existing people can be deepfaked into convincing images because of the recent advancement in generative AI. It can be useful but also dangerous. Also artists who produce and write music or even artists who draw and paint, their work on the internet can be used to make something else for eg. changing the voice in someones song with AI, it can have copyright issues or its just morally wrong to not respect the artists   ",Strict Regulatory Advocate,For making memes about figures only in a funny context,Broadly Permissive,Yes as long as it is for educational purposes and not defaming anyone it is ethical. But if it is misused like deepfake used to create nudity or spreading hate its just unethical and shouldnt be done,Ethical Realist,Deepfakes can be used to bait prisoners into showing them something that they are accused of doing but not having the proof. If they think that the deepfake is real then they will admit to it,Educational/Societal
P1_265,"No, in my perspective, I feel deepfake technology can be used for many harmful things and it can lead to misunderstanding between nations like deepfake of presidents or politicians. ",Strict Regulatory Advocate,It can be ethically used in places where people would like to use other people's voices instead of their own to promote societal awareness,Broadly Permissive,"Yes , i draw the line of ethical and unethical use ,for example, if people use it for entertainment and jokes ,it is not a concern/problem. Once people use for their benefit by harming others then it is unethical",Ethical Realist,"Some advantages of deepfakes could be for entertainment ,jokes, real looking movies.",Commercial/Entertainment
P1_266,"Yes, it should be regulated by law to restrain it's uses in spreading fake news which may be mislead or deceive people.",Strict Regulatory Advocate,"Deepfake can be used in producing posters, advertisements, abnners for awareness programs which can explain the people easily.",Broadly Permissive,"Yes, it can be used as a medium to give shape to one's imagination and creativity or for educational purposes unless the mis-information or distortion is spread among public",Ethical Realist,Deepfakes can help in the field of educatio. E.g. Creating visuals to explain a topic.,Educational/Societal
P1_267," Deepfake technology should be regulated by law, not banned, but guided with rules .",Conditional/Skeptic,idk,Invalid/Unclear,"Yes. It is ethical in education, entertainment and unethical in crimes such as threat calls.",Ethical Realist,It's voice is more pleasant to listen. It increases the interest of people to listen; that's why it is used in historical places.,Educational/Societal
