Total score,How aware are you of the context?,How aware are you of the context? [Score],How aware are you of the context? [Feedback],Do you think the image given above is a deepfake?,Do you think the image given above is a deepfake? [Score],Do you think the image given above is a deepfake? [Feedback],How aware are you of the context?,How aware are you of the context? [Score],How aware are you of the context? [Feedback],Do you think the image given above is a deepfake?,Do you think the image given above is a deepfake? [Score],Do you think the image given above is a deepfake? [Feedback],How aware are you of the context?,How aware are you of the context? [Score],How aware are you of the context? [Feedback],Do you think the image given above is a deepfake?,Do you think the image given above is a deepfake? [Score],Do you think the image given above is a deepfake? [Feedback],How aware are you of the context?,How aware are you of the context? [Score],How aware are you of the context? [Feedback],Do you think the image given above is a deepfake?,Do you think the image given above is a deepfake? [Score],Do you think the image given above is a deepfake? [Feedback],How aware are you of the context?,How aware are you of the context? [Score],How aware are you of the context? [Feedback],Do you think the image given above is a deepfake?,Do you think the image given above is a deepfake? [Score],Do you think the image given above is a deepfake? [Feedback],How aware are you of the context?,How aware are you of the context? [Score],How aware are you of the context? [Feedback],Do you think the image given above is a deepfake?,Do you think the image given above is a deepfake? [Score],Do you think the image given above is a deepfake? [Feedback],How aware are you of the context?,How aware are you of the context? [Score],How aware are you of the context? [Feedback],Do you think this is a deepfake?,Do you think this is a deepfake? [Score],Do you think this is a deepfake? [Feedback],How aware are you of the context?,How aware are you of the context? [Score],How aware are you of the context? [Feedback],Do you think this is a deepfake?,Do you think this is a deepfake? [Score],Do you think this is a deepfake? [Feedback],How aware are you of the context?,How aware are you of the context? [Score],How aware are you of the context? [Feedback],Do you think this is a deepfake?,Do you think this is a deepfake? [Score],Do you think this is a deepfake? [Feedback],How aware are you of the context?,How aware are you of the context? [Score],How aware are you of the context? [Feedback],Do you think this is a deepfake?,Do you think this is a deepfake? [Score],Do you think this is a deepfake? [Feedback],Do you think the use of deepfake technology should be regulated by law? Why or why not?,Do you think the use of deepfake technology should be regulated by law? Why or why not? [Score],Do you think the use of deepfake technology should be regulated by law? Why or why not? [Feedback],"In what situations (if any) do you believe deepfake technology can be ethically used? (e.g., entertainment, education, politics, etc.)  For example, by informing the users beforehand  and for societal benefits such as promoting harmony and unity.","In what situations (if any) do you believe deepfake technology can be ethically used? (e.g., entertainment, education, politics, etc.)  For example, by informing the users beforehand  and for societal benefits such as promoting harmony and unity. [Score]","In what situations (if any) do you believe deepfake technology can be ethically used? (e.g., entertainment, education, politics, etc.)  For example, by informing the users beforehand  and for societal benefits such as promoting harmony and unity. [Feedback]","Can deepfake technology be a tool for creativity and innovation, such as bringing historical figures to life for educational purposes or enhancing storytelling in films? Where do you draw the line between ethical and unethical use?","Can deepfake technology be a tool for creativity and innovation, such as bringing historical figures to life for educational purposes or enhancing storytelling in films? Where do you draw the line between ethical and unethical use? [Score]","Can deepfake technology be a tool for creativity and innovation, such as bringing historical figures to life for educational purposes or enhancing storytelling in films? Where do you draw the line between ethical and unethical use? [Feedback]","What could be some advantages  of using deepfakes, given a specific context? Give examples.","What could be some advantages  of using deepfakes, given a specific context? Give examples. [Score]","What could be some advantages  of using deepfakes, given a specific context? Give examples. [Feedback]",According to you what are some serious negative consequences of using deepfakes? Give examples.,According to you what are some serious negative consequences of using deepfakes? Give examples. [Score],According to you what are some serious negative consequences of using deepfakes? Give examples. [Feedback]
8.00 / 10,I am highly aware.,-- / 0,,Yes,1.00 / 1,,I am highly aware.,-- / 0,,No,0.00 / 1,,I am highly aware,-- / 0,,Yes,1.00 / 1,,I am highly aware,-- / 0,,Yes,1.00 / 1,,I am highly aware,-- / 0,,No,1.00 / 1,,I am highly aware,-- / 0,,No,1.00 / 1,,I am moderately aware,-- / 0,,No,0.00 / 1,,I am moderately aware,-- / 0,,Yes,1.00 / 1,,I am moderately aware,-- / 0,,No,1.00 / 1,,I am moderately aware,-- / 0,,No,1.00 / 1,,Yes,-- / 0,,Yes,-- / 0,,"yes, the line is drawn when the person whose deepfake we are making has given consent",-- / 0,,"Entertainment, news anchors could be replaced, leaving 0 room for human error and biases in tonality",-- / 0,,"When there is no consent given, deepfakes may create false impressions of people, such as the recent event of rashmika mandanna",-- / 0,
6.00 / 10,I am highly aware.,-- / 0,,No,0.00 / 1,,I am highly aware.,-- / 0,,Yes,1.00 / 1,,I am highly aware,-- / 0,,Yes,1.00 / 1,,I am moderately aware,-- / 0,,Yes,1.00 / 1,,I am highly aware,-- / 0,,No,1.00 / 1,,I am highly aware,-- / 0,,Yes,0.00 / 1,,I am not aware,-- / 0,,Yes,1.00 / 1,,I am not aware,-- / 0,,Yes,1.00 / 1,,I am not aware,-- / 0,,Yes,0.00 / 1,,I am not aware,-- / 0,,Yes,0.00 / 1,,yes.,-- / 0,,"entertainment
",-- / 0,,yes. ,-- / 0,,entertainment.,-- / 0,,mockery.,-- / 0,
8.00 / 10,I am highly aware.,-- / 0,,Yes,1.00 / 1,,I am highly aware.,-- / 0,,Yes,1.00 / 1,,I am highly aware,-- / 0,,Yes,1.00 / 1,,I am highly aware,-- / 0,,Yes,1.00 / 1,,I am highly aware,-- / 0,,No,1.00 / 1,,I am highly aware,-- / 0,,No,1.00 / 1,,I am not aware,-- / 0,,No,0.00 / 1,,I am highly aware,-- / 0,,Yes,1.00 / 1,,I am not aware,-- / 0,,No,1.00 / 1,,I am not aware,-- / 0,,Yes,0.00 / 1,,Yes ,-- / 0,,Education and entertainment ,-- / 0,,Yes,-- / 0,,I don't know,-- / 0,,Jail,-- / 0,
8.00 / 10,I am highly aware.,-- / 0,,Yes,1.00 / 1,,I am highly aware.,-- / 0,,Yes,1.00 / 1,,I am highly aware,-- / 0,,Yes,1.00 / 1,,I am highly aware,-- / 0,,Yes,1.00 / 1,,I am highly aware,-- / 0,,No,1.00 / 1,,I am highly aware,-- / 0,,No,1.00 / 1,,I am moderately aware,-- / 0,,Yes,1.00 / 1,,I am moderately aware,-- / 0,,Yes,1.00 / 1,,I am highly aware,-- / 0,,Yes,0.00 / 1,,I am not aware,-- / 0,,Yes,0.00 / 1,,No,-- / 0,,everything,-- / 0,,Yes,-- / 0,,Many advantages,-- / 0,,probably scams,-- / 0,
6.00 / 10,I am not aware.,-- / 0,,No,0.00 / 1,,i am not aware,-- / 0,,Yes,1.00 / 1,,I am not aware,-- / 0,,No,0.00 / 1,,I am not aware,-- / 0,,Yes,1.00 / 1,,I am not aware,-- / 0,,No,1.00 / 1,,I am not aware,-- / 0,,No,1.00 / 1,,I am not aware,-- / 0,,Yes,1.00 / 1,,I am not aware,-- / 0,,No,0.00 / 1,,I am not aware,-- / 0,,No,1.00 / 1,,I am not aware,-- / 0,,Yes,0.00 / 1,,"Yes, because it can easily be used to create harm to others.",-- / 0,,For comics and comedy sketches,-- / 0,,Yes. Drawing the line is whether it is within consent and law.,-- / 0,,Using it to create satire sketches like the ones in newspapers,-- / 0,,"Personal harm, Breach of privacy",-- / 0,
5.00 / 10,I am moderately aware.,-- / 0,,No,0.00 / 1,,i am not aware,-- / 0,,No,0.00 / 1,,I am not aware,-- / 0,,Yes,1.00 / 1,,I am not aware,-- / 0,,No,0.00 / 1,,I am not aware,-- / 0,,No,1.00 / 1,,I am moderately aware,-- / 0,,No,1.00 / 1,,I am not aware,-- / 0,,No,0.00 / 1,,I am not aware,-- / 0,,Yes,1.00 / 1,,I am not aware,-- / 0,,No,1.00 / 1,,I am not aware,-- / 0,,Yes,0.00 / 1,,Yes as it can be misused,-- / 0,,i do not think deepfake has much use ethically,-- / 0,,i do not feel using deepfakes in movies would add much as similar things can be achieved by actors and makeup,-- / 0,,i can not think of any,-- / 0,,there have been many cases regarding misuse of deepfakes of famous celebrities to promote scams or to create inappropriate content,-- / 0,
8.00 / 10,I am highly aware.,-- / 0,,Yes,1.00 / 1,,I am highly aware.,-- / 0,,No,0.00 / 1,,I am moderately aware,-- / 0,,Yes,1.00 / 1,,I am not aware,-- / 0,,Yes,1.00 / 1,,I am moderately aware,-- / 0,,Yes,0.00 / 1,,I am highly aware,-- / 0,,No,1.00 / 1,,I am not aware,-- / 0,,Yes,1.00 / 1,,I am not aware,-- / 0,,Yes,1.00 / 1,,I am not aware,-- / 0,,No,1.00 / 1,,I am not aware,-- / 0,,No,1.00 / 1,,"Yes, its cool",-- / 0,,For entertainment mostly,-- / 0,,Yes,-- / 0,,I can merge my picture with an intelligent persons picture and then send him to give competetive exam on my behalf,-- / 0,,No,-- / 0,
7.00 / 10,I am not aware.,-- / 0,,Yes,1.00 / 1,,i am not aware,-- / 0,,Yes,1.00 / 1,,I am not aware,-- / 0,,No,0.00 / 1,,I am not aware,-- / 0,,Yes,1.00 / 1,,I am not aware,-- / 0,,No,1.00 / 1,,I am not aware,-- / 0,,Yes,0.00 / 1,,I am not aware,-- / 0,,Yes,1.00 / 1,,I am not aware,-- / 0,,Yes,1.00 / 1,,I am not aware,-- / 0,,No,1.00 / 1,,I am not aware,-- / 0,,Yes,0.00 / 1,,Yes. To protect the integrity and individuality of the citizens,-- / 0,,Yes if consent is available in situations such as marketing.,-- / 0,,"Yes to bring an image of your imagination to life. For educational and storytelling purposes and in stunts in movies, deepfakes can be used effictively.",-- / 0,,Things humans cannot do in real life,-- / 0,,Exploitation of citizens and blackmail,-- / 0,
4.00 / 10,I am moderately aware.,-- / 0,,Yes,1.00 / 1,,I am moderately aware,-- / 0,,No,0.00 / 1,,I am moderately aware,-- / 0,,No,0.00 / 1,,I am moderately aware,-- / 0,,Yes,1.00 / 1,,I am moderately aware,-- / 0,,No,1.00 / 1,,I am moderately aware,-- / 0,,Yes,0.00 / 1,,I am moderately aware,-- / 0,,Yes,1.00 / 1,,I am moderately aware,-- / 0,,No,0.00 / 1,,I am moderately aware,-- / 0,,Yes,0.00 / 1,,I am moderately aware,-- / 0,,Yes,0.00 / 1,,Yes it violates our privacy and it can be used for many various reasons,-- / 0,,For creativity ,-- / 0,,Yes,-- / 0,,Producing more dough,-- / 0,,We can be blackmailed,-- / 0,
5.00 / 10,I am highly aware.,-- / 0,,No,0.00 / 1,,I am moderately aware,-- / 0,,Yes,1.00 / 1,,I am not aware,-- / 0,,No,0.00 / 1,,I am moderately aware,-- / 0,,Yes,1.00 / 1,,I am highly aware,-- / 0,,No,1.00 / 1,,I am highly aware,-- / 0,,Yes,0.00 / 1,,I am moderately aware,-- / 0,,Yes,1.00 / 1,,I am moderately aware,-- / 0,,No,0.00 / 1,,I am moderately aware,-- / 0,,No,1.00 / 1,,I am moderately aware,-- / 0,,Yes,0.00 / 1,,Yes,-- / 0,,Education,-- / 0,,If used for scams,-- / 0,,Education,-- / 0,,Scam calls,-- / 0,
5.00 / 10,I am moderately aware.,-- / 0,,Yes,1.00 / 1,,i am not aware,-- / 0,,Yes,1.00 / 1,,I am not aware,-- / 0,,No,0.00 / 1,,I am highly aware,-- / 0,,Yes,1.00 / 1,,I am not aware,-- / 0,,No,1.00 / 1,,I am not aware,-- / 0,,Yes,0.00 / 1,,I am not aware,-- / 0,,No,0.00 / 1,,I am not aware,-- / 0,,Yes,1.00 / 1,,I am not aware,-- / 0,,Yes,0.00 / 1,,I am not aware,-- / 0,,Yes,0.00 / 1,,"Yes , Because I think it is breach of privacy",-- / 0,,In war situations,-- / 0,,Yes,-- / 0,,Education ,-- / 0,,Privacy Breach,-- / 0,
6.00 / 10,I am moderately aware.,-- / 0,,Yes,1.00 / 1,,I am moderately aware,-- / 0,,No,0.00 / 1,,I am not aware,-- / 0,,No,0.00 / 1,,I am highly aware,-- / 0,,Yes,1.00 / 1,,I am moderately aware,-- / 0,,No,1.00 / 1,,I am moderately aware,-- / 0,,No,1.00 / 1,,I am moderately aware,-- / 0,,Yes,1.00 / 1,,I am moderately aware,-- / 0,,No,0.00 / 1,,I am not aware,-- / 0,,Yes,0.00 / 1,,I am moderately aware,-- / 0,,No,1.00 / 1,,"yes it should be , as it may be used for malpractice",-- / 0,,yes,-- / 0,,yes,-- / 0,,u can use it for creating video clips easily of urself without performing  much,-- / 0,,there might be inappropriate use of deepfake which may be bad for that certain person,-- / 0,
7.00 / 10,I am highly aware.,-- / 0,,Yes,1.00 / 1,,I am highly aware.,-- / 0,,Yes,1.00 / 1,,I am highly aware,-- / 0,,No,0.00 / 1,,I am highly aware,-- / 0,,Yes,1.00 / 1,,I am highly aware,-- / 0,,No,1.00 / 1,,I am highly aware,-- / 0,,No,1.00 / 1,,I am moderately aware,-- / 0,,Yes,1.00 / 1,,I am moderately aware,-- / 0,,No,0.00 / 1,,I am moderately aware,-- / 0,,No,1.00 / 1,,I am moderately aware,-- / 0,,Yes,0.00 / 1,,YES. Deepfake tech can be used to manipulate facts.,-- / 0,,"Maybe education if rightly used, maybe in movies and stuff aswell.",-- / 0,,"It can be used for educational purposes or enhances storytelling in films, but bring back dead should not be allowed there is a line and we should respect that.",-- / 0,,Better CGI? I am not sure.,-- / 0,,Manipulating Facts,-- / 0,
7.00 / 10,I am moderately aware.,-- / 0,,Yes,1.00 / 1,,i am not aware,-- / 0,,No,0.00 / 1,,I am not aware,-- / 0,,Yes,1.00 / 1,,I am not aware,-- / 0,,Yes,1.00 / 1,,I am not aware,-- / 0,,No,1.00 / 1,,I am moderately aware,-- / 0,,Yes,0.00 / 1,,I am not aware,-- / 0,,Yes,1.00 / 1,,I am not aware,-- / 0,,No,0.00 / 1,,I am not aware,-- / 0,,No,1.00 / 1,,I am not aware,-- / 0,,No,1.00 / 1,,"It should , helps create images and audio in times of need , might not use it much when asked immediately but uses might start coming out.",-- / 0,,Probably to badmouth or ruin the reputation of someone famous?,-- / 0,,"yeah , it can be used for that , that is useful nd drawing the lin occurs at creating things that happened and things that didnt.If you create things that didnt happen for fun , then thats ine but to circulate and make it seem real is wrong.",-- / 0,,"better education boundaries and horizons nlocked for children who need visualization , you can imagine things better and overall its just fun.",-- / 0,,"reputation damage , evidence tampering , could make smth fake look real.",-- / 0,
7.00 / 10,I am not aware.,-- / 0,,Yes,1.00 / 1,,i am not aware,-- / 0,,Yes,1.00 / 1,,I am not aware,-- / 0,,Yes,1.00 / 1,,I am not aware,-- / 0,,Yes,1.00 / 1,,I am not aware,-- / 0,,Yes,0.00 / 1,,I am not aware,-- / 0,,No,1.00 / 1,,I am not aware,-- / 0,,Yes,1.00 / 1,,I am not aware,-- / 0,,No,0.00 / 1,,I am not aware,-- / 0,,Yes,0.00 / 1,,I am not aware,-- / 0,,No,1.00 / 1,,Yes because its getting realistic day by day,-- / 0,,yes,-- / 0,,whne it doesnt affect anyone personally,-- / 0,,meeting dead ones,-- / 0,,promotion of scams,-- / 0,
8.00 / 10,I am not aware.,-- / 0,,Yes,1.00 / 1,,i am not aware,-- / 0,,Yes,1.00 / 1,,I am not aware,-- / 0,,Yes,1.00 / 1,,I am not aware,-- / 0,,Yes,1.00 / 1,,I am moderately aware,-- / 0,,No,1.00 / 1,,I am not aware,-- / 0,,No,1.00 / 1,,I am not aware,-- / 0,,Yes,1.00 / 1,,I am not aware,-- / 0,,No,0.00 / 1,,I am not aware,-- / 0,,No,1.00 / 1,,I am highly aware.,-- / 0,,Yes,0.00 / 1,,"yes
in short it can destroy a persons public image if not detected.",-- / 0,,i dont think this is ethical at all,-- / 0,,in my opinion it should not be used for any living person although it should not be used for deceased people as well but this doesnt really affect the world,-- / 0,,"no
",-- / 0,,no,-- / 0,
7.00 / 10,I am highly aware.,-- / 0,,No,0.00 / 1,,I am highly aware.,-- / 0,,Yes,1.00 / 1,,I am highly aware,-- / 0,,Yes,1.00 / 1,,I am highly aware,-- / 0,,No,0.00 / 1,,I am highly aware,-- / 0,,No,1.00 / 1,,I am highly aware,-- / 0,,No,1.00 / 1,,I am highly aware,-- / 0,,Yes,1.00 / 1,,I am highly aware,-- / 0,,No,0.00 / 1,,I am highly aware,-- / 0,,No,1.00 / 1,,I am highly aware.,-- / 0,,No,1.00 / 1,,vefjnltwpbvqnkit,-- / 0,,nvfqenkot4ewk;qmwti4pjve,-- / 0,,v efnwkt4oooovie[mk;aldsetoi,-- / 0,,vtoen[ffwktoi4;q,-- / 0,,tvnewtio4hjvenkwntiu,-- / 0,
4.00 / 10,I am not aware.,-- / 0,,No,0.00 / 1,,I am highly aware.,-- / 0,,No,0.00 / 1,,I am moderately aware,-- / 0,,No,0.00 / 1,,I am highly aware,-- / 0,,Yes,1.00 / 1,,I am highly aware,-- / 0,,Yes,0.00 / 1,,I am highly aware,-- / 0,,No,1.00 / 1,,I am not aware,-- / 0,,No,0.00 / 1,,I am highly aware,-- / 0,,Yes,1.00 / 1,,I am not aware,-- / 0,,No,1.00 / 1,,I am moderately aware,-- / 0,,Yes,0.00 / 1,,"Yes, because it makes things easier for most of the people",-- / 0,,entertaining,-- / 0,,yeah,-- / 0,,making inappropriate things,-- / 0,,making some inappropriate images and faking cctv records,-- / 0,
7.00 / 10,I am highly aware.,-- / 0,,Yes,1.00 / 1,,I am moderately aware,-- / 0,,Yes,1.00 / 1,,I am highly aware,-- / 0,,No,0.00 / 1,,I am moderately aware,-- / 0,,Yes,1.00 / 1,,I am moderately aware,-- / 0,,No,1.00 / 1,,I am highly aware,-- / 0,,Yes,0.00 / 1,,I am moderately aware,-- / 0,,Yes,1.00 / 1,,I am highly aware,-- / 0,,Yes,1.00 / 1,,I am highly aware,-- / 0,,No,1.00 / 1,,I am highly aware.,-- / 0,,Yes,0.00 / 1,,No . It is the future,-- / 0,,Education,-- / 0,,There is no line,-- / 0,,Can increase productivity,-- / 0,,Can be used for frauds,-- / 0,
8.00 / 10,I am highly aware.,-- / 0,,Yes,1.00 / 1,,i am not aware,-- / 0,,No,0.00 / 1,,I am not aware,-- / 0,,Yes,1.00 / 1,,I am not aware,-- / 0,,Yes,1.00 / 1,,I am moderately aware,-- / 0,,No,1.00 / 1,,I am moderately aware,-- / 0,,No,1.00 / 1,,I am not aware,-- / 0,,Yes,1.00 / 1,,I am moderately aware,-- / 0,,No,0.00 / 1,,I am not aware,-- / 0,,No,1.00 / 1,,I am not aware,-- / 0,,No,1.00 / 1,,yes,-- / 0,,entertainment,-- / 0,,yes it can be useful impersonation and others might be illegal using deepfakes,-- / 0,,entertainment,-- / 0,,forgery and immitation might be difficult to mitigate,-- / 0,
8.00 / 10,I am moderately aware.,-- / 0,,Yes,1.00 / 1,,I am moderately aware,-- / 0,,No,0.00 / 1,,I am moderately aware,-- / 0,,Yes,1.00 / 1,,I am moderately aware,-- / 0,,Yes,1.00 / 1,,I am not aware,-- / 0,,No,1.00 / 1,,I am moderately aware,-- / 0,,No,1.00 / 1,,I am not aware,-- / 0,,No,0.00 / 1,,I am not aware,-- / 0,,Yes,1.00 / 1,,I am not aware,-- / 0,,No,1.00 / 1,,I am not aware,-- / 0,,No,1.00 / 1,,Yeah; reduces creativity ,-- / 0,,None,-- / 0,,No,-- / 0,,None,-- / 0,,Reduces actual human intervention ,-- / 0,
7.00 / 10,I am not aware.,-- / 0,,Yes,1.00 / 1,,i am not aware,-- / 0,,No,0.00 / 1,,I am not aware,-- / 0,,Yes,1.00 / 1,,I am not aware,-- / 0,,No,0.00 / 1,,I am not aware,-- / 0,,No,1.00 / 1,,I am not aware,-- / 0,,No,1.00 / 1,,I am not aware,-- / 0,,Yes,1.00 / 1,,I am not aware,-- / 0,,No,0.00 / 1,,I am not aware,-- / 0,,No,1.00 / 1,,I am not aware,-- / 0,,No,1.00 / 1,,"Yes.beacause people can use it in an unethical manner
",-- / 0,,Yes,-- / 0,,Yes,-- / 0,,Fun content generation,-- / 0,,Maniuplation,-- / 0,
6.00 / 10,I am highly aware.,-- / 0,,Yes,1.00 / 1,,I am moderately aware,-- / 0,,Yes,1.00 / 1,,I am not aware,-- / 0,,Yes,1.00 / 1,,I am not aware,-- / 0,,No,0.00 / 1,,I am moderately aware,-- / 0,,No,1.00 / 1,,I am highly aware,-- / 0,,Yes,0.00 / 1,,I am moderately aware,-- / 0,,Yes,1.00 / 1,,I am highly aware,-- / 0,,No,0.00 / 1,,I am moderately aware,-- / 0,,No,1.00 / 1,,I am moderately aware,-- / 0,,Yes,0.00 / 1,,"It might be debatable but mostly it should be regulated by the law because the deepfake technology has its pros and cons but the cons are very serious like they can use your deepfake to  threaten you or frame you etc etc ,so the technology must be regulated in a way that the misuse must be minimized",-- / 0,,It can be used to make deepfake videos or audios whenever you are not available to attend an important session or like that so it can be used for such benefits ,-- / 0,,Yes they can be of huge use for creativity and innovation. The line must be drawn when the other person feels like their privacy is being invaded,-- / 0,,Deepfakes can be used to cover up your tasks which require your facial recognition etc,-- / 0,, they can use your deepfake to  threaten you or frame you,-- / 0,
7.00 / 10,I am highly aware.,-- / 0,,Yes,1.00 / 1,,I am highly aware.,-- / 0,,Yes,1.00 / 1,,I am not aware,-- / 0,,No,0.00 / 1,,I am highly aware,-- / 0,,Yes,1.00 / 1,,I am highly aware,-- / 0,,No,1.00 / 1,,I am highly aware,-- / 0,,No,1.00 / 1,,I am highly aware,-- / 0,,Yes,1.00 / 1,,I am highly aware,-- / 0,,No,0.00 / 1,,I am highly aware,-- / 0,,No,1.00 / 1,,I am moderately aware,-- / 0,,Yes,0.00 / 1,,"yes definitely, because it provoking privacy",-- / 0,,"education ,entertainment",-- / 0,,"yaa,use it to recreate the values forgot by people,dont  misuse it",-- / 0,,recalling someone who passes away by making persons with ai,-- / 0,,"u know ai can do things about changing clothes, which is not good specially for women",-- / 0,
5.00 / 10,I am highly aware.,-- / 0,,No,0.00 / 1,,i am not aware,-- / 0,,No,0.00 / 1,,I am moderately aware,-- / 0,,No,0.00 / 1,,I am not aware,-- / 0,,No,0.00 / 1,,I am highly aware,-- / 0,,No,1.00 / 1,,I am highly aware,-- / 0,,No,1.00 / 1,,I am highly aware,-- / 0,,Yes,1.00 / 1,,I am highly aware,-- / 0,,No,0.00 / 1,,I am moderately aware,-- / 0,,No,1.00 / 1,,I am not aware,-- / 0,,No,1.00 / 1,,Yes they should be regulated as deepfakes as they can be used for spreading misinformation.,-- / 0,,In Education they can be used,-- / 0,,When the user doesn't know it is deepfake of not or when misinformation is being spread using deepfakes,-- / 0,,Visualising history for students,-- / 0,,Widely used for spreading misinformation or for even inciting violence,-- / 0,
6.00 / 10,I am moderately aware.,-- / 0,,No,0.00 / 1,,i am not aware,-- / 0,,Yes,1.00 / 1,,I am not aware,-- / 0,,No,0.00 / 1,,I am moderately aware,-- / 0,,Yes,1.00 / 1,,I am moderately aware,-- / 0,,Yes,0.00 / 1,,I am highly aware,-- / 0,,No,1.00 / 1,,I am not aware,-- / 0,,Yes,1.00 / 1,,I am not aware,-- / 0,,Yes,1.00 / 1,,I am not aware,-- / 0,,No,1.00 / 1,,I am not aware,-- / 0,,Yes,0.00 / 1,,Yes its should be as it might to lead many complications (for ex: privacy),-- / 0,,i agree with the above examples,-- / 0,,Its better to react then use deepfake/ai as it kills creativity,-- / 0,,To make jokes and thats it,-- / 0,,"people have(and will) continue to use deepfake for notorious reasons like body morphing, faking evidence",-- / 0,
8.00 / 10,I am not aware.,-- / 0,,Yes,1.00 / 1,,i am not aware,-- / 0,,Yes,1.00 / 1,,I am not aware,-- / 0,,Yes,1.00 / 1,,I am not aware,-- / 0,,Yes,1.00 / 1,,I am moderately aware,-- / 0,,No,1.00 / 1,,I am not aware,-- / 0,,No,1.00 / 1,,I am not aware,-- / 0,,No,0.00 / 1,,I am highly aware,-- / 0,,No,0.00 / 1,,I am highly aware,-- / 0,,No,1.00 / 1,,I am highly aware.,-- / 0,,No,1.00 / 1,,Yes,-- / 0,,yes,-- / 0,,yes,-- / 0,,yes,-- / 0,,yes,-- / 0,
7.00 / 10,I am moderately aware.,-- / 0,,Yes,1.00 / 1,,I am moderately aware,-- / 0,,No,0.00 / 1,,I am moderately aware,-- / 0,,Yes,1.00 / 1,,I am moderately aware,-- / 0,,Yes,1.00 / 1,,I am moderately aware,-- / 0,,No,1.00 / 1,,I am highly aware,-- / 0,,No,1.00 / 1,,I am moderately aware,-- / 0,,Yes,1.00 / 1,,I am moderately aware,-- / 0,,No,0.00 / 1,,I am moderately aware,-- / 0,,No,1.00 / 1,,I am moderately aware,-- / 0,,Yes,0.00 / 1,,"Yes. If not regulated , people could create any photo/video of any person in any way they want .",-- / 0,,It can be used to generate deepfakes of actors in film industry in case the actor is unavailable at a crucial time.,-- / 0,,Using deepfakes to make inappropriate content about historical figure would be deemed unethical whereas using deepfakes to recreate historical incidences would be ethical and educational.,-- / 0,,Deepfakes can be used for educational purposes,-- / 0,,Deepfakes can be used to generate inappropriate content about people ,-- / 0,
8.00 / 10,I am highly aware.,-- / 0,,Yes,1.00 / 1,,I am highly aware.,-- / 0,,No,0.00 / 1,,I am moderately aware,-- / 0,,No,0.00 / 1,,I am moderately aware,-- / 0,,Yes,1.00 / 1,,I am highly aware,-- / 0,,No,1.00 / 1,,I am highly aware,-- / 0,,No,1.00 / 1,,I am highly aware,-- / 0,,Yes,1.00 / 1,,I am highly aware,-- / 0,,Yes,1.00 / 1,,I am highly aware,-- / 0,,No,1.00 / 1,,I am highly aware.,-- / 0,,No,1.00 / 1,,"I think if it is being used for unethical and for sensitive issues there should definitely be laws passed, but in general no.",-- / 0,,for entertainment purposes with consent of individuals i think deepfakes can be helpful,-- / 0,,"nah i think thats pushing it, after all our emotions are what make us humans and i dont think deepfakes should be used for educational purposes",-- / 0,,as mentioned above,-- / 0,,it can make people uncomfortable and spread misinformation and also increase scams,-- / 0,
5.00 / 10,I am moderately aware.,-- / 0,,Yes,1.00 / 1,,I am moderately aware,-- / 0,,Yes,1.00 / 1,,I am moderately aware,-- / 0,,No,0.00 / 1,,I am moderately aware,-- / 0,,No,0.00 / 1,,I am moderately aware,-- / 0,,No,1.00 / 1,,I am moderately aware,-- / 0,,Yes,0.00 / 1,,I am moderately aware,-- / 0,,Yes,1.00 / 1,,I am moderately aware,-- / 0,,No,0.00 / 1,,I am moderately aware,-- / 0,,No,1.00 / 1,,I am moderately aware,-- / 0,,Yes,0.00 / 1,,"Yes, I think it should be regulated by law because if its not it can be used to commit many frauds and cyber crimes",-- / 0,,yes it can be used in some cases like maybe for entertainment purposes or for educational purposes as well,-- / 0,,"yes it can be used in such creative ways.
But it shouldnt be used to make deepfake of other people without their consent",-- / 0,,using someone's voice or photo to spread false content,-- / 0,,It can be used to commit frauds,-- / 0,
6.00 / 10,I am moderately aware.,-- / 0,,Yes,1.00 / 1,,I am highly aware.,-- / 0,,Yes,1.00 / 1,,I am not aware,-- / 0,,No,0.00 / 1,,I am not aware,-- / 0,,No,0.00 / 1,,I am moderately aware,-- / 0,,No,1.00 / 1,,I am moderately aware,-- / 0,,No,1.00 / 1,,I am not aware,-- / 0,,Yes,1.00 / 1,,I am moderately aware,-- / 0,,No,0.00 / 1,,I am not aware,-- / 0,,No,1.00 / 1,,I am not aware,-- / 0,,Yes,0.00 / 1,,Yes it should be regulated as it may be misused to create fake Identities or to spread misinformation about an entity ,-- / 0,,Yes all the above mentioned cases,-- / 0,,"As long as it is not identify fraud,it is ethical",-- / 0,,Educational purposes... consented entertainment purpose,-- / 0,,"Misinformation, demeanor of famous entities etc",-- / 0,
7.00 / 10,I am highly aware.,-- / 0,,Yes,1.00 / 1,,I am highly aware.,-- / 0,,Yes,1.00 / 1,,I am highly aware,-- / 0,,Yes,1.00 / 1,,I am highly aware,-- / 0,,Yes,1.00 / 1,,I am highly aware,-- / 0,,No,1.00 / 1,,I am highly aware,-- / 0,,No,1.00 / 1,,I am not aware,-- / 0,,Yes,1.00 / 1,,I am not aware,-- / 0,,No,0.00 / 1,,I am not aware,-- / 0,,Yes,0.00 / 1,,I am not aware,-- / 0,,Yes,0.00 / 1,,It should be since it has a lot of bad affects.,-- / 0,,for campaigning,-- / 0,,yes. It has to stop when there is no intervention of human creativity required.,-- / 0,,"campaigning,advertisements",-- / 0,,Making someone guilty in a crime who is totally innocent,-- / 0,
6.00 / 10,I am moderately aware.,-- / 0,,Yes,1.00 / 1,,I am moderately aware,-- / 0,,Yes,1.00 / 1,,I am not aware,-- / 0,,No,0.00 / 1,,I am not aware,-- / 0,,No,0.00 / 1,,I am highly aware,-- / 0,,No,1.00 / 1,,I am moderately aware,-- / 0,,No,1.00 / 1,,I am not aware,-- / 0,,Yes,1.00 / 1,,I am not aware,-- / 0,,No,0.00 / 1,,I am not aware,-- / 0,,No,1.00 / 1,,I am moderately aware,-- / 0,,Yes,0.00 / 1,,yes it shud. can cause a lot of problems.,-- / 0,,movies,-- / 0,,yes,-- / 0,,better understanding of things that are hard to visualise,-- / 0,,fake information spreading. ,-- / 0,
4.00 / 10,I am not aware.,-- / 0,,No,0.00 / 1,,I am moderately aware,-- / 0,,Yes,1.00 / 1,,I am moderately aware,-- / 0,,No,0.00 / 1,,I am not aware,-- / 0,,No,0.00 / 1,,I am highly aware,-- / 0,,Yes,0.00 / 1,,I am highly aware,-- / 0,,No,1.00 / 1,,I am highly aware,-- / 0,,Yes,1.00 / 1,,I am highly aware,-- / 0,,No,0.00 / 1,,I am moderately aware,-- / 0,,No,1.00 / 1,,I am moderately aware,-- / 0,,Yes,0.00 / 1,,Yes it should be regulated as deepfake can be used to make derogatory and fake news viral on social media and wrongfully target specific groups or people leading to increase in misinformation among common people. ,-- / 0,,The group or people who will be related or affected by the usage of deepfake must be consulted before using deepfake,-- / 0,,"Yes it can be used for the following positive reasons, but the line should be made ",-- / 0,,Generating scenes where stuntmen can be at risk,-- / 0,,misinformation ,-- / 0,
5.00 / 10,I am moderately aware.,-- / 0,,Yes,1.00 / 1,,i am not aware,-- / 0,,Yes,1.00 / 1,,I am highly aware,-- / 0,,No,0.00 / 1,,I am not aware,-- / 0,,Yes,1.00 / 1,,I am highly aware,-- / 0,,No,1.00 / 1,,I am moderately aware,-- / 0,,Yes,0.00 / 1,,I am moderately aware,-- / 0,,No,0.00 / 1,,I am not aware,-- / 0,,Yes,1.00 / 1,,I am not aware,-- / 0,,Yes,0.00 / 1,,I am not aware,-- / 0,,Yes,0.00 / 1,,"It shouldnt becoz then ppl will use it for defamation, or other bad stuff.",-- / 0,,"it can be used in call centres, ai chat assistants, but with heavy regulations and monitoring. ",-- / 0,,"yeah u can use, no problem. but dont use it to manupilate or show false information",-- / 0,,u can use it in call centres,-- / 0,,"u can make someone speak something on video, which they would willingly do in real life",-- / 0,
6.00 / 10,I am not aware.,-- / 0,,No,0.00 / 1,,i am not aware,-- / 0,,Yes,1.00 / 1,,I am not aware,-- / 0,,Yes,1.00 / 1,,I am not aware,-- / 0,,Yes,1.00 / 1,,I am not aware,-- / 0,,No,1.00 / 1,,I am not aware,-- / 0,,No,1.00 / 1,,I am not aware,-- / 0,,No,0.00 / 1,,I am not aware,-- / 0,,Yes,1.00 / 1,,I am not aware,-- / 0,,Yes,0.00 / 1,,I am not aware,-- / 0,,Yes,0.00 / 1,,Yes; It is important to not allow false information to be spread. This would affect law and court trials immensely(in an adverse way),-- / 0,,It may be useful for education to make animations which would be easier to vizualize.,-- / 0,,All deepfakes must be explicitly mentioned. ,-- / 0,,Mentioned above,-- / 0,,Mentioned above,-- / 0,
7.00 / 10,I am highly aware.,-- / 0,,No,0.00 / 1,,I am highly aware.,-- / 0,,No,0.00 / 1,,I am highly aware,-- / 0,,Yes,1.00 / 1,,I am not aware,-- / 0,,Yes,1.00 / 1,,I am not aware,-- / 0,,Yes,0.00 / 1,,I am highly aware,-- / 0,,No,1.00 / 1,,I am highly aware,-- / 0,,Yes,1.00 / 1,,I am highly aware,-- / 0,,Yes,1.00 / 1,,I am highly aware,-- / 0,,No,1.00 / 1,,I am highly aware.,-- / 0,,No,1.00 / 1,,"Yes, as people can be portrayed in a wrong way",-- / 0,,"sure, by informing users beforehand and if it's not harmful to any person",-- / 0,,"Yes, it can be done but the government should lay out strict rules on their use. It shouldn't be offensive to anyone.",-- / 0,,Repetitive works can be automated and done easily and can reduce cost to the firm. ,-- / 0,,People will misuse this technology by creating stuff of people which the people don't want.,-- / 0,
8.00 / 10,I am not aware.,-- / 0,,Yes,1.00 / 1,,i am not aware,-- / 0,,Yes,1.00 / 1,,I am not aware,-- / 0,,Yes,1.00 / 1,,I am not aware,-- / 0,,No,0.00 / 1,,I am not aware,-- / 0,,No,1.00 / 1,,I am moderately aware,-- / 0,,No,1.00 / 1,,I am not aware,-- / 0,,Yes,1.00 / 1,,I am moderately aware,-- / 0,,No,0.00 / 1,,I am not aware,-- / 0,,No,1.00 / 1,,I am moderately aware,-- / 0,,No,1.00 / 1,,"Yes, it is getting too good and realistic.",-- / 0,,Deepfakes could be used in films with consent to speed up shooting process,-- / 0,,Use of deepfake needs to be consensual. Any deepfake that is made without consent needs to be illegal,-- / 0,,"interactive education, perhaps it could help students interact with people from certain events",-- / 0,,deepfake blackmail videos/deepfake fake endorsements of products,-- / 0,
4.00 / 10,I am moderately aware.,-- / 0,,No,0.00 / 1,,i am not aware,-- / 0,,No,0.00 / 1,,I am moderately aware,-- / 0,,Yes,1.00 / 1,,I am not aware,-- / 0,,No,0.00 / 1,,I am highly aware,-- / 0,,No,1.00 / 1,,I am moderately aware,-- / 0,,Yes,0.00 / 1,,I am not aware,-- / 0,,No,0.00 / 1,,I am not aware,-- / 0,,Yes,1.00 / 1,,I am not aware,-- / 0,,No,1.00 / 1,,I am not aware,-- / 0,,Yes,0.00 / 1,,yes,-- / 0,,entertainment,-- / 0,,yes,-- / 0,,usimg deepfakes of dead,-- / 0,,cannot distinguish between reality and deepfake,-- / 0,
7.00 / 10,I am highly aware.,-- / 0,,Yes,1.00 / 1,,I am highly aware.,-- / 0,,No,0.00 / 1,,I am not aware,-- / 0,,No,0.00 / 1,,I am highly aware,-- / 0,,Yes,1.00 / 1,,I am highly aware,-- / 0,,No,1.00 / 1,,I am highly aware,-- / 0,,No,1.00 / 1,,I am not aware,-- / 0,,Yes,1.00 / 1,,I am highly aware,-- / 0,,Yes,1.00 / 1,,I am not aware,-- / 0,,No,1.00 / 1,,I am not aware,-- / 0,,Yes,0.00 / 1,,yes deepfake should be regulated but with limited access because it can be very helpful to study historical and mythical figures,-- / 0,,yeah it can be used for educational purposes like we can bring historical figures to life and study about them,-- / 0,,yes it can be use to study mythical figures,-- / 0,,using deepfake one can express oneself using other's body,-- / 0,,using other person's face or body to make inappropriate videos or images,-- / 0,
8.00 / 10,I am highly aware.,-- / 0,,Yes,1.00 / 1,,I am highly aware.,-- / 0,,Yes,1.00 / 1,,I am highly aware,-- / 0,,Yes,1.00 / 1,,I am highly aware,-- / 0,,Yes,1.00 / 1,,I am highly aware,-- / 0,,No,1.00 / 1,,I am highly aware,-- / 0,,No,1.00 / 1,,I am moderately aware,-- / 0,,Yes,1.00 / 1,,I am moderately aware,-- / 0,,No,0.00 / 1,,I am moderately aware,-- / 0,,Yes,0.00 / 1,,I am moderately aware,-- / 0,,No,1.00 / 1,,"Yes, it should be regulated by law. Rampant usage of deepfake can be harmful to people and their rights.",-- / 0,,"For creation of youtube videos, but using the permission of the person.",-- / 0,,Yes,-- / 0,,Youtube video,-- / 0,,Illegitimate content,-- / 0,
8.00 / 10,I am highly aware.,-- / 0,,Yes,1.00 / 1,,I am highly aware.,-- / 0,,No,0.00 / 1,,I am moderately aware,-- / 0,,No,0.00 / 1,,I am moderately aware,-- / 0,,Yes,1.00 / 1,,I am highly aware,-- / 0,,No,1.00 / 1,,I am highly aware,-- / 0,,No,1.00 / 1,,I am highly aware,-- / 0,,Yes,1.00 / 1,,I am moderately aware,-- / 0,,Yes,1.00 / 1,,I am moderately aware,-- / 0,,No,1.00 / 1,,I am not aware,-- / 0,,No,1.00 / 1,,Yeah,-- / 0,,-NA-,-- / 0,,yeah it can be used.,-- / 0,,Recreating memories we cherish.,-- / 0,,Scamming people by giving a sense of trust.,-- / 0,
8.00 / 10,I am moderately aware.,-- / 0,,Yes,1.00 / 1,,I am moderately aware,-- / 0,,Yes,1.00 / 1,,I am moderately aware,-- / 0,,Yes,1.00 / 1,,I am moderately aware,-- / 0,,No,0.00 / 1,,I am moderately aware,-- / 0,,No,1.00 / 1,,I am moderately aware,-- / 0,,No,1.00 / 1,,I am moderately aware,-- / 0,,Yes,1.00 / 1,,I am moderately aware,-- / 0,,Yes,1.00 / 1,,I am moderately aware,-- / 0,,No,1.00 / 1,,I am moderately aware,-- / 0,,Yes,0.00 / 1,,no,-- / 0,,"yea, for gandhijis birthday we can make a deepfake of him adresssing the nation",-- / 0,,"yes, the line is drawn when it is used for deepfaking personalties and spreading wrong information about their beliefs and opinions.",-- / 0,,fun,-- / 0,,spread of misinformation,-- / 0,
3.00 / 10,I am highly aware.,-- / 0,,No,0.00 / 1,,I am moderately aware,-- / 0,,No,0.00 / 1,,I am moderately aware,-- / 0,,Yes,1.00 / 1,,I am not aware,-- / 0,,No,0.00 / 1,,I am moderately aware,-- / 0,,No,1.00 / 1,,I am not aware,-- / 0,,Yes,0.00 / 1,,I am not aware,-- / 0,,No,0.00 / 1,,I am not aware,-- / 0,,No,0.00 / 1,,I am not aware,-- / 0,,No,1.00 / 1,,I am not aware,-- / 0,,Yes,0.00 / 1,,"yes, can be used for malpractices",-- / 0,,education,-- / 0,,"yes, the line is when it starts to negatively affect someone",-- / 0,,Can be used for bringing historical figures to life making understanding easy,-- / 0,,Scams,-- / 0,
8.00 / 10,I am highly aware.,-- / 0,,Yes,1.00 / 1,,I am highly aware.,-- / 0,,No,0.00 / 1,,I am highly aware,-- / 0,,Yes,1.00 / 1,,I am highly aware,-- / 0,,Yes,1.00 / 1,,I am highly aware,-- / 0,,No,1.00 / 1,,I am highly aware,-- / 0,,No,1.00 / 1,,I am highly aware,-- / 0,,Yes,1.00 / 1,,I am moderately aware,-- / 0,,No,0.00 / 1,,I am highly aware,-- / 0,,No,1.00 / 1,,I am not aware,-- / 0,,No,1.00 / 1,,"yes, because it can be used for wrong purposes",-- / 0,,Yeah It can be used.,-- / 0,,"Yes It should be used,however it shouldnt cross personal boundaries and hurt the emotions of the people",-- / 0,,ok,-- / 0,,ok,-- / 0,
4.00 / 10,I am moderately aware.,-- / 0,,Yes,1.00 / 1,,I am highly aware.,-- / 0,,No,0.00 / 1,,I am not aware,-- / 0,,No,0.00 / 1,,I am highly aware,-- / 0,,Yes,1.00 / 1,,I am highly aware,-- / 0,,Yes,0.00 / 1,,I am highly aware,-- / 0,,Yes,0.00 / 1,,I am highly aware,-- / 0,,Yes,1.00 / 1,,I am not aware,-- / 0,,No,0.00 / 1,,I am not aware,-- / 0,,No,1.00 / 1,,I am not aware,-- / 0,,Yes,0.00 / 1,,Yes as it can be used to do cybercrimes.,-- / 0,,Politics,-- / 0,,Yes.,-- / 0,,To generate images and videos like before.,-- / 0,,Generating images of people without their cosent and using it for wrong purposes.,-- / 0,
5.00 / 10,I am highly aware.,-- / 0,,Yes,1.00 / 1,,i am not aware,-- / 0,,No,0.00 / 1,,I am not aware,-- / 0,,Yes,1.00 / 1,,I am highly aware,-- / 0,,No,0.00 / 1,,I am highly aware,-- / 0,,No,1.00 / 1,,I am moderately aware,-- / 0,,Yes,0.00 / 1,,I am not aware,-- / 0,,Yes,1.00 / 1,,I am moderately aware,-- / 0,,No,0.00 / 1,,I am not aware,-- / 0,,Yes,0.00 / 1,,I am moderately aware,-- / 0,,No,1.00 / 1,,"Yes, since it can be used for illegal/blackmail purposes",-- / 0,,for entertainment purposes,-- / 0,,If it doesn't harm or hurt anyone's beliefs then it can be considered ethical,-- / 0,,for entertainment or eduation,-- / 0,,Losing reputation in society,-- / 0,
7.00 / 10,I am moderately aware.,-- / 0,,Yes,1.00 / 1,,i am not aware,-- / 0,,Yes,1.00 / 1,,I am not aware,-- / 0,,No,0.00 / 1,,I am not aware,-- / 0,,Yes,1.00 / 1,,I am moderately aware,-- / 0,,No,1.00 / 1,,I am moderately aware,-- / 0,,No,1.00 / 1,,I am moderately aware,-- / 0,,Yes,1.00 / 1,,I am moderately aware,-- / 0,,No,0.00 / 1,,I am moderately aware,-- / 0,,No,1.00 / 1,,I am moderately aware,-- / 0,,Yes,0.00 / 1,,Yes because it should only be used for good purpose and ethically.,-- / 0,,In education it can be used ethically to make educational videos which would help students.,-- / 0,,Yes it can be used to bring historical figures back to life for teaching purpose as students would better understand the history.It's unethical use will be using it for entertainment purpose or on social media as meme.,-- / 0,,In education,-- / 0,,Lead to negativity,-- / 0,
7.00 / 10,I am moderately aware.,-- / 0,,No,0.00 / 1,,I am highly aware.,-- / 0,,No,0.00 / 1,,I am not aware,-- / 0,,Yes,1.00 / 1,,I am moderately aware,-- / 0,,Yes,1.00 / 1,,I am highly aware,-- / 0,,Yes,0.00 / 1,,I am highly aware,-- / 0,,No,1.00 / 1,,I am not aware,-- / 0,,Yes,1.00 / 1,,I am not aware,-- / 0,,Yes,1.00 / 1,,I am not aware,-- / 0,,No,1.00 / 1,,I am not aware,-- / 0,,No,1.00 / 1,,Yes. It can be used in unethical ways to defame someone,-- / 0,,Can be used in entertainment industry when actors are unavailable ,-- / 0,,Yes if the person is informed beforehand and is ok with it then the use is ethical,-- / 0,,"In fast and furious 7 after the actor Paul Walker passed away, the ending scenes were shot with his brother using deepfakes",-- / 0,,Celebrity deepfakes can be used to promote products they don't endorse,-- / 0,
7.00 / 10,I am highly aware.,-- / 0,,Yes,1.00 / 1,,I am highly aware.,-- / 0,,Yes,1.00 / 1,,I am highly aware,-- / 0,,Yes,1.00 / 1,,I am not aware,-- / 0,,No,0.00 / 1,,I am highly aware,-- / 0,,No,1.00 / 1,,I am highly aware,-- / 0,,No,1.00 / 1,,I am not aware,-- / 0,,Yes,1.00 / 1,,I am not aware,-- / 0,,Yes,1.00 / 1,,I am not aware,-- / 0,,Yes,0.00 / 1,,I am not aware,-- / 0,,Yes,0.00 / 1,,"No, if govt regulates, it takes away the freedom of the internet.",-- / 0,,"Deepfake can be ethically used as long as the consent of the person being deepfaked is taken. if it has, it can be used for wahtever purpose in their repective field. eg; alakh for education",-- / 0,,"it surely can, it can be used in museums and historical places, to depict the ancient times and prominent figures of the era",-- / 0,," it can be used in museums and historical places, to depict the ancient times and promiennt figures of the era",-- / 0,,"it is used in the adult industry, espeically to mimic famous women. THIS MUST be restricted by the gvt and be banned. ",-- / 0,
8.00 / 10,I am moderately aware.,-- / 0,,Yes,1.00 / 1,,I am moderately aware,-- / 0,,Yes,1.00 / 1,,I am moderately aware,-- / 0,,No,0.00 / 1,,I am moderately aware,-- / 0,,Yes,1.00 / 1,,I am moderately aware,-- / 0,,No,1.00 / 1,,I am moderately aware,-- / 0,,No,1.00 / 1,,I am moderately aware,-- / 0,,Yes,1.00 / 1,,I am moderately aware,-- / 0,,No,0.00 / 1,,I am moderately aware,-- / 0,,No,1.00 / 1,,I am moderately aware,-- / 0,,No,1.00 / 1,,no it can be misused,-- / 0,,in making anime,-- / 0,,yes it should be used so that we can know about our ancestors and their brave movement,-- / 0,,in creating educational purposes videos ,-- / 0,,wrong videos can be made and can be used for blackmailing the individual and threat can be made,-- / 0,
8.00 / 10,I am highly aware.,-- / 0,,No,0.00 / 1,,i am not aware,-- / 0,,Yes,1.00 / 1,,I am not aware,-- / 0,,Yes,1.00 / 1,,I am not aware,-- / 0,,Yes,1.00 / 1,,I am highly aware,-- / 0,,No,1.00 / 1,,I am highly aware,-- / 0,,No,1.00 / 1,,I am moderately aware,-- / 0,,Yes,1.00 / 1,,I am moderately aware,-- / 0,,No,0.00 / 1,,I am moderately aware,-- / 0,,No,1.00 / 1,,I am moderately aware,-- / 0,,No,1.00 / 1,,"Yes, it gets hard to identify the truth
And I don't see the necessity of deep fakes
Except bad intentions ",-- / 0,,I don't think it is useful at all,-- / 0,,"No, art should not be faked
Art is creativity
But bringing historical figures to life sounds nice",-- / 0,,Can be used for creating a living memory of expired people ,-- / 0,,"Identity theft, manipulation",-- / 0,
7.00 / 10,I am not aware.,-- / 0,,Yes,1.00 / 1,,I am moderately aware,-- / 0,,Yes,1.00 / 1,,I am not aware,-- / 0,,No,0.00 / 1,,I am moderately aware,-- / 0,,Yes,1.00 / 1,,I am moderately aware,-- / 0,,No,1.00 / 1,,I am moderately aware,-- / 0,,No,1.00 / 1,,I am not aware,-- / 0,,Yes,1.00 / 1,,I am not aware,-- / 0,,No,0.00 / 1,,I am not aware,-- / 0,,No,1.00 / 1,,I am not aware,-- / 0,,Yes,0.00 / 1,,it should be used in proper way and not in the way to hurt someone's personality.,-- / 0,,for entertainment,-- / 0,,it should use to show true things using deepfake rather than showing everything fake.,-- / 0,,for entertainment purpose and for visualising something not possible to visualise.,-- / 0,,"making unethical deepfake of someone,",-- / 0,
8.00 / 10,I am highly aware.,-- / 0,,No,0.00 / 1,,I am highly aware.,-- / 0,,Yes,1.00 / 1,,I am highly aware,-- / 0,,No,0.00 / 1,,I am highly aware,-- / 0,,Yes,1.00 / 1,,I am highly aware,-- / 0,,No,1.00 / 1,,I am highly aware,-- / 0,,No,1.00 / 1,,I am not aware,-- / 0,,Yes,1.00 / 1,,I am not aware,-- / 0,,Yes,1.00 / 1,,I am not aware,-- / 0,,No,1.00 / 1,,I am not aware,-- / 0,,No,1.00 / 1,,Yes because it isn't ethical.,-- / 0,,It can't be used ethically.,-- / 0,,No,-- / 0,,No possible advantages are there.,-- / 0,,It is unethical,-- / 0,
6.00 / 10,I am moderately aware.,-- / 0,,No,0.00 / 1,,i am not aware,-- / 0,,Yes,1.00 / 1,,I am not aware,-- / 0,,Yes,1.00 / 1,,I am not aware,-- / 0,,Yes,1.00 / 1,,I am not aware,-- / 0,,Yes,0.00 / 1,,I am moderately aware,-- / 0,,No,1.00 / 1,,I am moderately aware,-- / 0,,Yes,1.00 / 1,,I am moderately aware,-- / 0,,No,0.00 / 1,,I am not aware,-- / 0,,No,1.00 / 1,,I am not aware,-- / 0,,Yes,0.00 / 1,,"Yes , the use of deepfake technology should be regulated by law .Because as it can be misuse for cyber-crime and to defame a individual or group of people.",-- / 0,,"Yes , It can be use to make education video in less time and enable to deliver more content in less time.",-- / 0,,"Yes , it is a good way to  bring historical figures to life for educational purposes or enhancing storytelling in films.",-- / 0,,"In movie , we can make a movie with your favorite actors.",-- / 0,,Cyber crime and defaming.,-- / 0,
8.00 / 10,I am moderately aware.,-- / 0,,Yes,1.00 / 1,,I am moderately aware,-- / 0,,Yes,1.00 / 1,,I am moderately aware,-- / 0,,No,0.00 / 1,,I am moderately aware,-- / 0,,Yes,1.00 / 1,,I am moderately aware,-- / 0,,No,1.00 / 1,,I am moderately aware,-- / 0,,No,1.00 / 1,,I am moderately aware,-- / 0,,Yes,1.00 / 1,,I am moderately aware,-- / 0,,No,0.00 / 1,,I am moderately aware,-- / 0,,No,1.00 / 1,,I am moderately aware,-- / 0,,No,1.00 / 1,,Yes it should be regulated by the law. If it is not regulated it will lead to many fake things over the internet and there will definitely be misuse of the AI.,-- / 0,,"There can be use of AI in movies and for educational purposes, but using DeepFake tech without the consent of the person should be illegal, we have alredy seen use of AI in movies, like De-Aging tech",-- / 0,,"Like i have mentioned it for the above question, it can be used for educational purposes, it would be a really good use of the tech",-- / 0,,"It can be used in movies for example, like it can be used in De-Aging and for the voice generation(For Dubbing maybe) but it should be done legally ryt",-- / 0,,Some serious negative consequences are like producing fake evidences for example in some cases and producing them to the court will definetly mislead the law and lead to an incorret judgement,-- / 0,
4.00 / 10,I am moderately aware.,-- / 0,,No,0.00 / 1,,I am highly aware.,-- / 0,,No,0.00 / 1,,I am not aware,-- / 0,,No,0.00 / 1,,I am not aware,-- / 0,,Yes,1.00 / 1,,I am highly aware,-- / 0,,No,1.00 / 1,,I am highly aware,-- / 0,,Yes,0.00 / 1,,I am highly aware,-- / 0,,Yes,1.00 / 1,,I am highly aware,-- / 0,,No,0.00 / 1,,I am highly aware,-- / 0,,No,1.00 / 1,,I am highly aware.,-- / 0,,Yes,0.00 / 1,,"yes, it can be used to  create inappropriate images of people",-- / 0,,it can be used to relish the memories of people who died,-- / 0,,"yes,it can be used but we should agree we should draw a line",-- / 0,,it can be used to create good images of people,-- / 0,,it can be used against us in some police investigation,-- / 0,
6.00 / 10,I am highly aware.,-- / 0,,Yes,1.00 / 1,,I am moderately aware,-- / 0,,Yes,1.00 / 1,,I am not aware,-- / 0,,No,0.00 / 1,,I am not aware,-- / 0,,No,0.00 / 1,,I am moderately aware,-- / 0,,No,1.00 / 1,,I am moderately aware,-- / 0,,No,1.00 / 1,,I am not aware,-- / 0,,Yes,1.00 / 1,,I am moderately aware,-- / 0,,No,0.00 / 1,,I am not aware,-- / 0,,No,1.00 / 1,,I am not aware,-- / 0,,Yes,0.00 / 1,,yes,-- / 0,,in entertainment and education,-- / 0,,"yes ,it can be used. unethical use would be that deepfake tech used for fake news and using a person face or voice without consent.",-- / 0,,in online classes historical figures can themselves teach.,-- / 0,,deepfake can be used for fake news and spread misinformation.,-- / 0,
7.00 / 10,I am moderately aware.,-- / 0,,Yes,1.00 / 1,,I am moderately aware,-- / 0,,No,0.00 / 1,,I am moderately aware,-- / 0,,No,0.00 / 1,,I am not aware,-- / 0,,No,0.00 / 1,,I am moderately aware,-- / 0,,No,1.00 / 1,,I am moderately aware,-- / 0,,No,1.00 / 1,,I am not aware,-- / 0,,Yes,1.00 / 1,,I am not aware,-- / 0,,Yes,1.00 / 1,,I am not aware,-- / 0,,No,1.00 / 1,,I am not aware,-- / 0,,No,1.00 / 1,,"Yes, to prevent misuse by people intending to cause chaos or defame someone by making their deepfake",-- / 0,,It should only be used for entertainment purposes with a disclaimer before hand,-- / 0,,"Yes, as long as it is clearly mentioned it is a deepfake and has no offensive content",-- / 0,,It can be used for entertainment purposes,-- / 0,,"It can be used to mislead less aware and technology savvy people, for ex politicians/celebrities can be made to say things they have never said.",-- / 0,
7.00 / 10,I am not aware.,-- / 0,,No,0.00 / 1,,I am highly aware.,-- / 0,,Yes,1.00 / 1,,I am not aware,-- / 0,,No,0.00 / 1,,I am highly aware,-- / 0,,Yes,1.00 / 1,,I am highly aware,-- / 0,,No,1.00 / 1,,I am highly aware,-- / 0,,No,1.00 / 1,,I am not aware,-- / 0,,No,0.00 / 1,,I am moderately aware,-- / 0,,Yes,1.00 / 1,,I am not aware,-- / 0,,No,1.00 / 1,,I am not aware,-- / 0,,No,1.00 / 1,,yes i think the use of deepfake technology should be regulated by law as it breaches the privacy of many who are subjected to it.,-- / 0,,to generate educational content or such it can be useful.,-- / 0,,yes we can bring historic figures to life to enhance story telling. Just that we have to be respectful of whatever we use the tech for.,-- / 0,,Making a historic figure inspire people. To create educational content for kids.,-- / 0,,Breaching celebrity privacy or going into the political atmosphere. Recently a person was thought to have been killed by a whale but it was not true. This increases rage among fellow citizens towards wildflife to some extent.,-- / 0,
8.00 / 10,I am moderately aware.,-- / 0,,No,0.00 / 1,,I am moderately aware,-- / 0,,Yes,1.00 / 1,,I am moderately aware,-- / 0,,Yes,1.00 / 1,,I am moderately aware,-- / 0,,Yes,1.00 / 1,,I am moderately aware,-- / 0,,No,1.00 / 1,,I am moderately aware,-- / 0,,No,1.00 / 1,,I am moderately aware,-- / 0,,Yes,1.00 / 1,,I am moderately aware,-- / 0,,Yes,1.00 / 1,,I am moderately aware,-- / 0,,No,1.00 / 1,,I am moderately aware,-- / 0,,Yes,0.00 / 1,,"Yes , it should be regulated as unregulated use of deepfakes will lead to mistrust and misinformation among the general unaware public",-- / 0,,"Movies in entertainment , visualisations in education",-- / 0,,"Yes it can be used to create movies photos etc ,they cross the ethical line when they deceive, exploit, or use someone’s likeness without permission.",-- / 0,,"A museum can use deepfake tech to create an interactive historical figure.
A deceased actor’s can give a brief cameo in movies",-- / 0,,It can be used to defame public personalities and spread misinformation ,-- / 0,
9.00 / 10,I am moderately aware.,-- / 0,,No,0.00 / 1,,i am not aware,-- / 0,,Yes,1.00 / 1,,I am not aware,-- / 0,,Yes,1.00 / 1,,I am moderately aware,-- / 0,,Yes,1.00 / 1,,I am moderately aware,-- / 0,,No,1.00 / 1,,I am moderately aware,-- / 0,,No,1.00 / 1,,I am moderately aware,-- / 0,,Yes,1.00 / 1,,I am moderately aware,-- / 0,,Yes,1.00 / 1,,I am moderately aware,-- / 0,,No,1.00 / 1,,I am moderately aware,-- / 0,,No,1.00 / 1,,"No it shouldn't be, because it can lead to privacy breach and many other things.",-- / 0,,Yeah it can be used to learn history in schools.,-- / 0,,"Unless the opinion expressed by the deepfake is opposite to the original figure or it isn't very controversial or hurting anyones thought or beliefs, it can ysed",-- / 0,,It can be spread awareness among our citizens to keep our country clean and follow laws if we use the deepfakes of our great nation heroes ,-- / 0,,"Pornography, using a very influential figure to manipulate people",-- / 0,
8.00 / 10,I am moderately aware.,-- / 0,,Yes,1.00 / 1,,i am not aware,-- / 0,,No,0.00 / 1,,I am moderately aware,-- / 0,,Yes,1.00 / 1,,I am not aware,-- / 0,,Yes,1.00 / 1,,I am not aware,-- / 0,,No,1.00 / 1,,I am not aware,-- / 0,,No,1.00 / 1,,I am moderately aware,-- / 0,,No,0.00 / 1,,I am moderately aware,-- / 0,,Yes,1.00 / 1,,I am not aware,-- / 0,,No,1.00 / 1,,I am not aware,-- / 0,,No,1.00 / 1,,Yes it should be regulated because someone can use this to blackmale others etc.,-- / 0,,In education,-- / 0,,yes.If somebody is using it to corrupt peoples l=mind then it shouldn't be used.,-- / 0,,To bring back deceased family members to life so people can get some closure if they had died in some unfortunate circumstance.,-- / 0,,People can be bullied or manupulated.,-- / 0,
8.00 / 10,I am highly aware.,-- / 0,,No,0.00 / 1,,I am highly aware.,-- / 0,,Yes,1.00 / 1,,I am moderately aware,-- / 0,,Yes,1.00 / 1,,I am moderately aware,-- / 0,,Yes,1.00 / 1,,I am highly aware,-- / 0,,No,1.00 / 1,,I am highly aware,-- / 0,,No,1.00 / 1,,I am not aware,-- / 0,,Yes,1.00 / 1,,I am moderately aware,-- / 0,,No,0.00 / 1,,I am not aware,-- / 0,,No,1.00 / 1,,I am not aware,-- / 0,,No,1.00 / 1,,deepfake,-- / 0,,deepfake,-- / 0,,yes,-- / 0,,can be used to prank my friend,-- / 0,,that personal,-- / 0,
6.00 / 10,I am highly aware.,-- / 0,,Yes,1.00 / 1,,I am highly aware.,-- / 0,,Yes,1.00 / 1,,I am highly aware,-- / 0,,No,0.00 / 1,,I am highly aware,-- / 0,,No,0.00 / 1,,I am highly aware,-- / 0,,No,1.00 / 1,,I am highly aware,-- / 0,,No,1.00 / 1,,I am not aware,-- / 0,,Yes,1.00 / 1,,I am moderately aware,-- / 0,,No,0.00 / 1,,I am not aware,-- / 0,,No,1.00 / 1,,I am not aware,-- / 0,,Yes,0.00 / 1,,"yes it should be regulated,can be used in scamming",-- / 0,,probably for entertainment and stuff,-- / 0,,"yes,as long as it is not used to spread misinformation",-- / 0,,maybe for shows and stuff like that,-- / 0,,gold digging becomes easier,-- / 0,
7.00 / 10,I am moderately aware.,-- / 0,,Yes,1.00 / 1,,I am moderately aware,-- / 0,,No,0.00 / 1,,I am highly aware,-- / 0,,Yes,1.00 / 1,,I am moderately aware,-- / 0,,Yes,1.00 / 1,,I am not aware,-- / 0,,No,1.00 / 1,,I am not aware,-- / 0,,No,1.00 / 1,,I am not aware,-- / 0,,No,0.00 / 1,,I am moderately aware,-- / 0,,Yes,1.00 / 1,,I am not aware,-- / 0,,No,1.00 / 1,,I am moderately aware,-- / 0,,Yes,0.00 / 1,,yeah I think it should be regulated cuz it will cause a lot of harm to our society if in wrong hands.,-- / 0,,for educational awareness .,-- / 0,,"No I am completely against the use of deepfake i any form of art whether its music,films, or paintings ",-- / 0,,bringing back important historical figures.,-- / 0,,using deepfake to spread some rumour about someone,-- / 0,
8.00 / 10,I am not aware.,-- / 0,,No,0.00 / 1,,i am not aware,-- / 0,,Yes,1.00 / 1,,I am not aware,-- / 0,,Yes,1.00 / 1,,I am moderately aware,-- / 0,,Yes,1.00 / 1,,I am not aware,-- / 0,,No,1.00 / 1,,I am moderately aware,-- / 0,,No,1.00 / 1,,I am not aware,-- / 0,,Yes,1.00 / 1,,I am moderately aware,-- / 0,,Yes,1.00 / 1,,I am highly aware,-- / 0,,No,1.00 / 1,,I am not aware,-- / 0,,Yes,0.00 / 1,,Yes because it can often lead to unethical practices that can result in character assassination etc.,-- / 0,,"It can be used to relive memories of people, create songs of artists who are no more to relive memories.",-- / 0,,"Yes, that's a very good initiative but use of the famous personality's face to convey misleading messages maybe harmful",-- / 0,,To relive/ recreate memories. Eg: Listen to a new popular Bollywood song in the voice of old artists like Kishore Kumar.,-- / 0,,"It can spread misinformation, influence crucial events like elections or even cause significant mental trauma.",-- / 0,
7.00 / 10,I am moderately aware.,-- / 0,,Yes,1.00 / 1,,I am highly aware.,-- / 0,,No,0.00 / 1,,I am highly aware,-- / 0,,No,0.00 / 1,,I am highly aware,-- / 0,,No,0.00 / 1,,I am highly aware,-- / 0,,No,1.00 / 1,,I am highly aware,-- / 0,,No,1.00 / 1,,I am not aware,-- / 0,,Yes,1.00 / 1,,I am not aware,-- / 0,,Yes,1.00 / 1,,I am highly aware,-- / 0,,No,1.00 / 1,,I am highly aware.,-- / 0,,No,1.00 / 1,,no ,-- / 0,,yes ethically used in case of entertainment ,-- / 0,,yes if students use for education purposes then it will be useful ,-- / 0,,it can be used in the entertainment,-- / 0,,if we use it for blackamailing someone or if it is against politics it can be dangerous ,-- / 0,
4.00 / 10,I am highly aware.,-- / 0,,Yes,1.00 / 1,,I am moderately aware,-- / 0,,No,0.00 / 1,,I am not aware,-- / 0,,No,0.00 / 1,,I am not aware,-- / 0,,No,0.00 / 1,,I am highly aware,-- / 0,,No,1.00 / 1,,I am highly aware,-- / 0,,Yes,0.00 / 1,,I am moderately aware,-- / 0,,Yes,1.00 / 1,,I am moderately aware,-- / 0,,No,0.00 / 1,,I am not aware,-- / 0,,No,1.00 / 1,,I am not aware,-- / 0,,Yes,0.00 / 1,,"NO ,because it will be useful in many ways for the other good.",-- / 0,,When we need some fun or help it can help us also it helps a lot in eucation.,-- / 0,,yes it can be a good tool but.I cant find any unethical use,-- / 0,,while studing or learning about new skills and proper plan and guidance,-- / 0,,nothing as far as i know,-- / 0,
6.00 / 10,I am not aware.,-- / 0,,Yes,1.00 / 1,,i am not aware,-- / 0,,No,0.00 / 1,,I am not aware,-- / 0,,No,0.00 / 1,,I am not aware,-- / 0,,Yes,1.00 / 1,,I am not aware,-- / 0,,Yes,0.00 / 1,,I am not aware,-- / 0,,No,1.00 / 1,,I am not aware,-- / 0,,Yes,1.00 / 1,,I am not aware,-- / 0,,No,0.00 / 1,,I am not aware,-- / 0,,No,1.00 / 1,,I am not aware,-- / 0,,No,1.00 / 1,,It should be regulated because content creators can mislead people,-- / 0,,It can be ethically used for education purposes,-- / 0,,Ya it can be a tool for creativity and innovation,-- / 0,,Content can be easily made without much effort,-- / 0,,People may get misleaded,-- / 0,
5.00 / 10,I am moderately aware.,-- / 0,,No,0.00 / 1,,I am highly aware.,-- / 0,,No,0.00 / 1,,I am not aware,-- / 0,,Yes,1.00 / 1,,I am moderately aware,-- / 0,,Yes,1.00 / 1,,I am moderately aware,-- / 0,,No,1.00 / 1,,I am highly aware,-- / 0,,No,1.00 / 1,,I am highly aware,-- / 0,,No,0.00 / 1,,I am moderately aware,-- / 0,,No,0.00 / 1,,I am moderately aware,-- / 0,,Yes,0.00 / 1,,I am moderately aware,-- / 0,,No,1.00 / 1,,yes we can use it under rules and regulation ,-- / 0,,to catch criminals ,-- / 0,,yes ,-- / 0,,can be used to use anyone voice if important but the person is not available ,-- / 0,,can be used in fraud ,-- / 0,
3.00 / 10,I am moderately aware.,-- / 0,,No,0.00 / 1,,I am moderately aware,-- / 0,,No,0.00 / 1,,I am moderately aware,-- / 0,,Yes,1.00 / 1,,I am moderately aware,-- / 0,,No,0.00 / 1,,I am not aware,-- / 0,,No,1.00 / 1,,I am not aware,-- / 0,,Yes,0.00 / 1,,I am not aware,-- / 0,,No,0.00 / 1,,I am not aware,-- / 0,,No,0.00 / 1,,I am not aware,-- / 0,,Yes,0.00 / 1,,I am moderately aware,-- / 0,,No,1.00 / 1,,yes because it could be misused,-- / 0,,it is used to preach for well being,-- / 0,,"consent & permission, intent to deceive or harm",-- / 0,,Revolutionizing education and culture,-- / 0,,Loss of trust & Non-consensual intimacy photos,-- / 0,
6.00 / 10,I am moderately aware.,-- / 0,,Yes,1.00 / 1,,I am moderately aware,-- / 0,,No,0.00 / 1,,I am moderately aware,-- / 0,,Yes,1.00 / 1,,I am moderately aware,-- / 0,,Yes,1.00 / 1,,I am highly aware,-- / 0,,No,1.00 / 1,,I am moderately aware,-- / 0,,No,1.00 / 1,,I am not aware,-- / 0,,No,0.00 / 1,,I am not aware,-- / 0,,No,0.00 / 1,,I am not aware,-- / 0,,No,1.00 / 1,,I am not aware,-- / 0,,Yes,0.00 / 1,,"yes, i couldnt tell the difference between most of the audio sounds",-- / 0,,education maybe to show a movie with how the characters actually looked like etc,-- / 0,,"yes, however it shouldnt be used to make vedios of people.. since it can become very controversial while the person had no hand in it",-- / 0,,"creating online models, education etc",-- / 0,,"using features of random people , in a derogatory vedio",-- / 0,
7.00 / 10,I am not aware.,-- / 0,,Yes,1.00 / 1,,I am moderately aware,-- / 0,,Yes,1.00 / 1,,I am not aware,-- / 0,,No,0.00 / 1,,I am moderately aware,-- / 0,,Yes,1.00 / 1,,I am moderately aware,-- / 0,,No,1.00 / 1,,I am moderately aware,-- / 0,,No,1.00 / 1,,I am not aware,-- / 0,,Yes,1.00 / 1,,I am not aware,-- / 0,,No,0.00 / 1,,I am not aware,-- / 0,,Yes,0.00 / 1,,I am not aware,-- / 0,,No,1.00 / 1,,"Yes, it should be regulated by law. Because if it is used for bad intentions can cause many problems.",-- / 0,,We can use it by taking permission from the copied individuals.,-- / 0,,"Yes, it can be used to be creative. As long as we use it without disturbing the privacy of others, it is ethical.",-- / 0,,"We can make historical events using deepfakes which can be better understanding for teaching kids, etc.",-- / 0,,Without the permissions of the individuals we cannot make it copy their actions or voice,-- / 0,
5.00 / 10,I am moderately aware.,-- / 0,,No,0.00 / 1,,i am not aware,-- / 0,,No,0.00 / 1,,I am not aware,-- / 0,,No,0.00 / 1,,I am not aware,-- / 0,,No,0.00 / 1,,I am highly aware,-- / 0,,No,1.00 / 1,,I am highly aware,-- / 0,,No,1.00 / 1,,I am not aware,-- / 0,,Yes,1.00 / 1,,I am highly aware,-- / 0,,No,0.00 / 1,,I am moderately aware,-- / 0,,No,1.00 / 1,,I am moderately aware,-- / 0,,No,1.00 / 1,,yes because peoples can use u r face and by the help of ai they can create images and even videos of u r which can be toxic for u and u r reputation in society .,-- / 0,,yes if it is used for good work then fine like we can make advertisment or some social issue related things .,-- / 0,,yes it can be used for educational purpose .,-- / 0,,"for education purpose , like by showing image of some king we can make his live video",-- / 0,,no opinion ,-- / 0,
5.00 / 10,I am not aware.,-- / 0,,No,0.00 / 1,,i am not aware,-- / 0,,No,0.00 / 1,,I am not aware,-- / 0,,Yes,1.00 / 1,,I am not aware,-- / 0,,No,0.00 / 1,,I am moderately aware,-- / 0,,No,1.00 / 1,,I am highly aware,-- / 0,,No,1.00 / 1,,I am not aware,-- / 0,,Yes,1.00 / 1,,I am not aware,-- / 0,,No,0.00 / 1,,I am not aware,-- / 0,,Yes,0.00 / 1,,I am not aware,-- / 0,,No,1.00 / 1,,"yes, to protect privacy of famous personnalities and also for security of an individual",-- / 0,,Education,-- / 0,,"Yes it can a tool for creativity and innovation, ethical- when used with the permission, or bringing historical figures, unethical - using without permission, dirty practices, etc",-- / 0,,"An advantage could be in educational use like teaching history and having the historical characters in use, etc.",-- / 0,,"Some serious consequences could be people might get scammed if they a get a deepfake video or image of their relatives, they could get blackmailed by getting their deepfake images, etc",-- / 0,
6.00 / 10,I am moderately aware.,-- / 0,,No,0.00 / 1,,I am moderately aware,-- / 0,,Yes,1.00 / 1,,I am not aware,-- / 0,,No,0.00 / 1,,I am not aware,-- / 0,,No,0.00 / 1,,I am moderately aware,-- / 0,,No,1.00 / 1,,I am highly aware,-- / 0,,No,1.00 / 1,,I am highly aware,-- / 0,,Yes,1.00 / 1,,I am highly aware,-- / 0,,No,0.00 / 1,,I am highly aware,-- / 0,,No,1.00 / 1,,I am highly aware.,-- / 0,,No,1.00 / 1,,"Yes, as people with ill intentions are prone to missuse it",-- / 0,,"teaching sector, animation",-- / 0,,"Using deepfake to forge false evidences or settle personal scores, or scam gullible people",-- / 0,,Bringing historical figures to life ,-- / 0,,"Using it for ill intentions, to deceive people ",-- / 0,
5.00 / 10,I am moderately aware.,-- / 0,,Yes,1.00 / 1,,I am highly aware.,-- / 0,,No,0.00 / 1,,I am moderately aware,-- / 0,,No,0.00 / 1,,I am highly aware,-- / 0,,Yes,1.00 / 1,,I am not aware,-- / 0,,Yes,0.00 / 1,,I am highly aware,-- / 0,,No,1.00 / 1,,I am highly aware,-- / 0,,No,0.00 / 1,,I am moderately aware,-- / 0,,Yes,1.00 / 1,,I am not aware,-- / 0,,No,1.00 / 1,,I am highly aware.,-- / 0,,Yes,0.00 / 1,,no because it is useful in so many ways ,-- / 0,,"in entertainment , education ,politics in so man y ways deep fake detection is used it is used a lot",-- / 0,,yes i dont draw any line i think so,-- / 0,,do for comedy purposes because some body will become serious ,-- / 0,,it is nowadays using for so many bad things,-- / 0,
4.00 / 10,I am not aware.,-- / 0,,No,0.00 / 1,,i am not aware,-- / 0,,Yes,1.00 / 1,,I am not aware,-- / 0,,No,0.00 / 1,,I am not aware,-- / 0,,Yes,1.00 / 1,,I am not aware,-- / 0,,No,1.00 / 1,,I am not aware,-- / 0,,No,1.00 / 1,,I am not aware,-- / 0,,No,0.00 / 1,,I am not aware,-- / 0,,No,0.00 / 1,,I am not aware,-- / 0,,Yes,0.00 / 1,,I am not aware,-- / 0,,Yes,0.00 / 1,,yes,-- / 0,,There are none,-- / 0,,I'd say it is ethical as long as the viewer is informed that the media uses deepfake.,-- / 0,,None,-- / 0,,"spreading misinformation,propoganda",-- / 0,
8.00 / 10,I am moderately aware.,-- / 0,,Yes,1.00 / 1,,I am highly aware.,-- / 0,,Yes,1.00 / 1,,I am moderately aware,-- / 0,,No,0.00 / 1,,I am highly aware,-- / 0,,Yes,1.00 / 1,,I am highly aware,-- / 0,,No,1.00 / 1,,I am highly aware,-- / 0,,No,1.00 / 1,,I am moderately aware,-- / 0,,Yes,1.00 / 1,,I am moderately aware,-- / 0,,No,0.00 / 1,,I am moderately aware,-- / 0,,No,1.00 / 1,,I am moderately aware,-- / 0,,No,1.00 / 1,,"Yes, because people can misuse it ! ",-- / 0,,Like for educational purposes ,-- / 0,,"Yes, it can be used in ethical way .. until you're not harming others and the people of society",-- / 0,,"It is time efficient, we can save our lot of time and like generate own quiz and tests",-- / 0,,Using people faces and their privacy ,-- / 0,
4.00 / 10,I am moderately aware.,-- / 0,,Yes,1.00 / 1,,I am moderately aware,-- / 0,,No,0.00 / 1,,I am moderately aware,-- / 0,,No,0.00 / 1,,I am moderately aware,-- / 0,,No,0.00 / 1,,I am moderately aware,-- / 0,,Yes,0.00 / 1,,I am highly aware,-- / 0,,No,1.00 / 1,,I am highly aware,-- / 0,,Yes,1.00 / 1,,I am highly aware,-- / 0,,No,0.00 / 1,,I am highly aware,-- / 0,,No,1.00 / 1,,I am highly aware.,-- / 0,,Yes,0.00 / 1,,yes,-- / 0,,entertainment,-- / 0,,yes,-- / 0,,in movies,-- / 0,,images of person can be used without consent,-- / 0,
7.00 / 10,I am highly aware.,-- / 0,,Yes,1.00 / 1,,i am not aware,-- / 0,,Yes,1.00 / 1,,I am moderately aware,-- / 0,,No,0.00 / 1,,I am highly aware,-- / 0,,Yes,1.00 / 1,,I am highly aware,-- / 0,,No,1.00 / 1,,I am highly aware,-- / 0,,No,1.00 / 1,,I am moderately aware,-- / 0,,Yes,1.00 / 1,,I am not aware,-- / 0,,Yes,1.00 / 1,,I am not aware,-- / 0,,Yes,0.00 / 1,,I am not aware,-- / 0,,Yes,0.00 / 1,,"Yes, it is essential to regulate over deepfakes as it could really harm us",-- / 0,,If we want to have a conversation with our passed away relative there having the ability to talk to them and see them might be a good idea,-- / 0,,"Yes, but making them perform some unethical use is not correct",-- / 0,,"Being able to talk to your passed away relative, able to learn directly from the historical figures and many more",-- / 0,,Some might use them for unethical purposes like creating a deepfake of someone without their information and misusing it for unethical purposes,-- / 0,
6.00 / 10,I am moderately aware.,-- / 0,,No,0.00 / 1,,i am not aware,-- / 0,,No,0.00 / 1,,I am moderately aware,-- / 0,,Yes,1.00 / 1,,I am not aware,-- / 0,,No,0.00 / 1,,I am moderately aware,-- / 0,,No,1.00 / 1,,I am moderately aware,-- / 0,,No,1.00 / 1,,I am moderately aware,-- / 0,,Yes,1.00 / 1,,I am moderately aware,-- / 0,,Yes,1.00 / 1,,I am not aware,-- / 0,,No,1.00 / 1,,I am moderately aware,-- / 0,,Yes,0.00 / 1,,gov should not control deepfakes because they couldn't control them,-- / 0,,Yes for impersonating a person in his absence,-- / 0,,Yes they can be but the content they are sharing should be verified,-- / 0,,They can be used to bring different people to life and get their perspective.,-- / 0,,People may get negative image on social media because of some one else making their deepfake,-- / 0,
5.00 / 10,I am highly aware.,-- / 0,,No,0.00 / 1,,I am highly aware.,-- / 0,,Yes,1.00 / 1,,I am moderately aware,-- / 0,,Yes,1.00 / 1,,I am not aware,-- / 0,,No,0.00 / 1,,I am highly aware,-- / 0,,No,1.00 / 1,,I am highly aware,-- / 0,,No,1.00 / 1,,I am not aware,-- / 0,,No,0.00 / 1,,I am not aware,-- / 0,,No,0.00 / 1,,I am not aware,-- / 0,,Yes,0.00 / 1,,I am not aware,-- / 0,,No,1.00 / 1,,"yes, because it may regulate some information",-- / 0,,no,-- / 0,,yes but in some of the topic,-- / 0,,in study,-- / 0,,might manipulate the information,-- / 0,
5.00 / 10,I am moderately aware.,-- / 0,,No,0.00 / 1,,I am moderately aware,-- / 0,,No,0.00 / 1,,I am not aware,-- / 0,,No,0.00 / 1,,I am moderately aware,-- / 0,,No,0.00 / 1,,I am moderately aware,-- / 0,,No,1.00 / 1,,I am highly aware,-- / 0,,No,1.00 / 1,,I am moderately aware,-- / 0,,No,0.00 / 1,,I am moderately aware,-- / 0,,Yes,1.00 / 1,,I am moderately aware,-- / 0,,No,1.00 / 1,,I am moderately aware,-- / 0,,No,1.00 / 1,,It is not as useful as it looks,-- / 0,,for making educational videos,-- / 0,,yes,-- / 0,,for making good content for gen Z,-- / 0,,no comments,-- / 0,
4.00 / 10,I am highly aware.,-- / 0,,Yes,1.00 / 1,,I am moderately aware,-- / 0,,No,0.00 / 1,,I am moderately aware,-- / 0,,No,0.00 / 1,,I am not aware,-- / 0,,No,0.00 / 1,,I am moderately aware,-- / 0,,No,1.00 / 1,,I am moderately aware,-- / 0,,Yes,0.00 / 1,,I am not aware,-- / 0,,No,0.00 / 1,,I am moderately aware,-- / 0,,Yes,1.00 / 1,,I am not aware,-- / 0,,No,1.00 / 1,,I am not aware,-- / 0,,Yes,0.00 / 1,,yes because it can lead to misrepresentation in media and distrust in sources,-- / 0,,it could be used ethically for entertainment purposes to ease load on the actors but only with their full consent ,-- / 0,,no this should not be done to prevent propaganda and all use should be regulated,-- / 0,,a big advantage can be improving the cast for media projects in entertainment industry ,-- / 0,,distrust in sources,-- / 0,
7.00 / 10,I am highly aware.,-- / 0,,Yes,1.00 / 1,,I am highly aware.,-- / 0,,No,0.00 / 1,,I am highly aware,-- / 0,,No,0.00 / 1,,I am not aware,-- / 0,,Yes,1.00 / 1,,I am highly aware,-- / 0,,No,1.00 / 1,,I am highly aware,-- / 0,,No,1.00 / 1,,I am moderately aware,-- / 0,,Yes,1.00 / 1,,I am highly aware,-- / 0,,No,0.00 / 1,,I am highly aware,-- / 0,,No,1.00 / 1,,I am highly aware.,-- / 0,,No,1.00 / 1,,"No, I don't think that the use of deepfake technology should be regulated by law, because people can use it in the wrong way, which they are not supposed to do.",-- / 0,,"In many situtations deepfake technology can be very helpful like entertainment, education, ethical activities.",-- / 0,,"Using deepfake technology can surely be a perfect tool, it can make learning process so easy. Students who find learning history will now enjoy using the life like statues talking to them, telling their own stories.",-- / 0,,"There can be many advantages of using the deepfake technology, such that it can be used in educational purposes, entertainment, etc.",-- / 0,,"Deepfake can be used in malpractices such as tampering with evidence, and making fake id's,",-- / 0,
7.00 / 10,I am highly aware.,-- / 0,,Yes,1.00 / 1,,I am moderately aware,-- / 0,,Yes,1.00 / 1,,I am not aware,-- / 0,,No,0.00 / 1,,I am not aware,-- / 0,,Yes,1.00 / 1,,I am highly aware,-- / 0,,No,1.00 / 1,,I am highly aware,-- / 0,,No,1.00 / 1,,I am not aware,-- / 0,,Yes,1.00 / 1,,I am not aware,-- / 0,,No,0.00 / 1,,I am not aware,-- / 0,,No,1.00 / 1,,I am not aware,-- / 0,,Yes,0.00 / 1,,"Yes,  it can influence reality at some point.",-- / 0,,"entertainment and education maybe, but in any situation it can still be misused to a huge extent.",-- / 0,,"When they start to influence real life objects, as long as it is virtual unrelated to anyone or anything, it should be fine.",-- / 0,,Could help people who have auditory processing disorder,-- / 0,,It can ruin the legitimacy of something,-- / 0,
7.00 / 10,I am moderately aware.,-- / 0,,Yes,1.00 / 1,,I am moderately aware,-- / 0,,No,0.00 / 1,,I am moderately aware,-- / 0,,Yes,1.00 / 1,,I am not aware,-- / 0,,No,0.00 / 1,,I am moderately aware,-- / 0,,No,1.00 / 1,,I am moderately aware,-- / 0,,No,1.00 / 1,,I am not aware,-- / 0,,Yes,1.00 / 1,,I am not aware,-- / 0,,Yes,1.00 / 1,,I am not aware,-- / 0,,No,1.00 / 1,,I am not aware,-- / 0,,Yes,0.00 / 1,,"I think it should be regulated, this technology can be misused in various ways people can use it to pretend to be someone else and cause issues in the others personal life thus this technology needs to be regulated. ",-- / 0,,this technology can be used in the entertainment industry to help show historical figures more accurately,-- / 0,,I believe that the use is fine as long as the individuals being deepfake have given consent for this to happen or if the individual is no more than his remaining family is consenting to the deepfake otherwise it should be unethical ,-- / 0,,this technology can be used in the entertainment industry to help show historical figures more accurately,-- / 0,,people can commit crimes or steal a particular individual belonging by impersonating them ,-- / 0,
7.00 / 10,I am highly aware.,-- / 0,,Yes,1.00 / 1,,I am highly aware.,-- / 0,,Yes,1.00 / 1,,I am not aware,-- / 0,,No,0.00 / 1,,I am not aware,-- / 0,,No,0.00 / 1,,I am highly aware,-- / 0,,No,1.00 / 1,,I am highly aware,-- / 0,,No,1.00 / 1,,I am moderately aware,-- / 0,,Yes,1.00 / 1,,I am moderately aware,-- / 0,,No,0.00 / 1,,I am highly aware,-- / 0,,No,1.00 / 1,,I am moderately aware,-- / 0,,No,1.00 / 1,,"yes , because is can affect our privacy, for example ......some can use our deepfake video or voice to spread misinformation .",-- / 0,,"for misleading and spreading wrong information,....it can be also used to spread hate about someone ,etc.",-- / 0,,yes it can be . ,-- / 0,,"it can help company for advertisement, in very less Invesment!",-- / 0,,it can breach someone's privacy....as well as it can also spread hate for someone by misleading videos and all ,-- / 0,
7.00 / 10,I am moderately aware.,-- / 0,,Yes,1.00 / 1,,I am moderately aware,-- / 0,,No,0.00 / 1,,I am moderately aware,-- / 0,,No,0.00 / 1,,I am not aware,-- / 0,,Yes,1.00 / 1,,I am moderately aware,-- / 0,,No,1.00 / 1,,I am moderately aware,-- / 0,,No,1.00 / 1,,I am not aware,-- / 0,,Yes,1.00 / 1,,I am not aware,-- / 0,,No,0.00 / 1,,I am not aware,-- / 0,,No,1.00 / 1,,I am not aware,-- / 0,,No,1.00 / 1,,"Yes, it should be regulated by law. The technology to imitate someone else to such an extent should definitely be regulated by law and consent should also be taken from the party who is being imitated and the party who is being subjected to the deepfake. ",-- / 0,,Education and entertainment are good uses for this technology.,-- / 0,,"Yes, it can definitely be used for creative purposes. I feel like it is ethical as long as it benefits society as a whole and not a singular person.",-- / 0,,They can be used to replace news reporters.,-- / 0,,It could potentially be used for many illegal activities,-- / 0,
6.00 / 10,I am moderately aware.,-- / 0,,No,0.00 / 1,,I am highly aware.,-- / 0,,Yes,1.00 / 1,,I am not aware,-- / 0,,Yes,1.00 / 1,,I am moderately aware,-- / 0,,Yes,1.00 / 1,,I am highly aware,-- / 0,,Yes,0.00 / 1,,I am highly aware,-- / 0,,No,1.00 / 1,,I am not aware,-- / 0,,Yes,1.00 / 1,,I am moderately aware,-- / 0,,No,0.00 / 1,,I am not aware,-- / 0,,No,1.00 / 1,,I am not aware,-- / 0,,Yes,0.00 / 1,,"Yes ,it should be regulated cause there can be an illegal use of others personal pictures or voices in a wrong way without their permission.",-- / 0,,deepfakes can be used in bringing historical figures or other people who passed away to bring them back to life just for educational and emotional purposes.,-- / 0,,yes.we can use deepfakes as long as no one is hurt by them.,-- / 0,,for bringing back dead people to life in a photo which can give emotional support to their close ones,-- / 0,,"mostly,deepfakes are used for very wrong purposes such as its use in creating images of people in a wrong way",-- / 0,
7.00 / 10,I am moderately aware.,-- / 0,,No,0.00 / 1,,i am not aware,-- / 0,,Yes,1.00 / 1,,I am not aware,-- / 0,,No,0.00 / 1,,I am moderately aware,-- / 0,,Yes,1.00 / 1,,I am moderately aware,-- / 0,,No,1.00 / 1,,I am moderately aware,-- / 0,,No,1.00 / 1,,I am moderately aware,-- / 0,,Yes,1.00 / 1,,I am moderately aware,-- / 0,,No,0.00 / 1,,I am moderately aware,-- / 0,,No,1.00 / 1,,I am moderately aware,-- / 0,,No,1.00 / 1,,"Yes , So we can differentiate real and fake news",-- / 0,,Entertainment ,-- / 0,,Yes,-- / 0,,Time reducing ,-- / 0,,Fake news or publicity ,-- / 0,
8.00 / 10,I am highly aware.,-- / 0,,Yes,1.00 / 1,,I am highly aware.,-- / 0,,Yes,1.00 / 1,,I am not aware,-- / 0,,No,0.00 / 1,,I am not aware,-- / 0,,Yes,1.00 / 1,,I am moderately aware,-- / 0,,No,1.00 / 1,,I am highly aware,-- / 0,,No,1.00 / 1,,I am not aware,-- / 0,,No,0.00 / 1,,I am not aware,-- / 0,,Yes,1.00 / 1,,I am not aware,-- / 0,,No,1.00 / 1,,I am not aware,-- / 0,,No,1.00 / 1,,It should be regulated heavily as it can be misleading and lead to confusion among people. Especially those people who arent aware of deepfake technology.,-- / 0,,I can think of very few cases where deepfake tech can be used ethically. One good use of it could be in entertainment if the actor agrees beforehand for the use of it. Right now the tech isnt nearly good enough to be used as a substitiute for an actor. Maybe in the future if it is then it could be allowed in very select places.,-- / 0,,That is a good use of deepfake tech i feel like. As of right now I think it brings more negatives than positives though. ,-- / 0,,Maybe deepfakes could be used in crime investigations to simulate to a victim how the person who affected them was. Maybe if we get a clear photo of them in our mind we can can catch criminals more easily.,-- / 0,,Obviously using deepfake technology to put somebody in certain videos without their consent is absolutely ridiculous. Like if my grandmother saw a deepfaked video of Modi announcing a war with China she would believe it. These kind of problems are a huge deal in my opinion.,-- / 0,
8.00 / 10,I am highly aware.,-- / 0,,Yes,1.00 / 1,,i am not aware,-- / 0,,Yes,1.00 / 1,,I am not aware,-- / 0,,Yes,1.00 / 1,,I am not aware,-- / 0,,No,0.00 / 1,,I am moderately aware,-- / 0,,No,1.00 / 1,,I am moderately aware,-- / 0,,No,1.00 / 1,,I am moderately aware,-- / 0,,Yes,1.00 / 1,,I am highly aware,-- / 0,,No,0.00 / 1,,I am moderately aware,-- / 0,,No,1.00 / 1,,I am not aware,-- / 0,,No,1.00 / 1,,"Yes, considering the fact that deepfake technology keeps getting closer at imitating people and voices, so false information can be spread in a way as if said by a targeted person.",-- / 0,,Against terrorist communities,-- / 0,,Yes. Some deepfake can be deemed unethical if it does/says something different from what that person has already said.,-- / 0,,Faking terrorist communities,-- / 0,,False information being spread by important people,-- / 0,
6.00 / 10,I am moderately aware.,-- / 0,,No,0.00 / 1,,I am highly aware.,-- / 0,,Yes,1.00 / 1,,I am not aware,-- / 0,,Yes,1.00 / 1,,I am not aware,-- / 0,,No,0.00 / 1,,I am highly aware,-- / 0,,No,1.00 / 1,,I am highly aware,-- / 0,,No,1.00 / 1,,I am not aware,-- / 0,,Yes,1.00 / 1,,I am moderately aware,-- / 0,,No,0.00 / 1,,I am moderately aware,-- / 0,,No,1.00 / 1,,I am not aware,-- / 0,,Yes,0.00 / 1,,"YES IT SHOULD REGULATED BY LAW 
AS IT MAY BE USED BY CRIMINALS TO FRAUD AND CHEAT PEOPLE 
MAY MISUSE",-- / 0,,IT CAN BE USED FOR MOVIES LIKE ENTERTAINMENT AND EDUCATION WHEN YOU HAVE DOUBT OF ANY TOPIC AND IN MOVIES AS SUBSITUTE OF ACTORS,-- / 0,,YES IT CAN BE USED IN CONENT CREATION AND USING IN MANY FLIMS AND MANY SECTIONS OF INDUSTRY TO MANFACTURE NEW PRODUCT TECHNOLOGY,-- / 0,,IT IS EASY TO ACCESS AND USE FOR CONTENT CREATING AND EASY GRASPING OF KNOWLEDGE WHERE YOU CAN EFFORT LESS DESIGN THINGS AND CONENT ALSO,-- / 0,,MISUSING BY CRIMINALS TO THREATEN PEOPLE AND GOVT OFFICIALS TO MALPRATICE,-- / 0,
9.00 / 10,I am highly aware.,-- / 0,,Yes,1.00 / 1,,I am highly aware.,-- / 0,,Yes,1.00 / 1,,I am highly aware,-- / 0,,No,0.00 / 1,,I am highly aware,-- / 0,,Yes,1.00 / 1,,I am highly aware,-- / 0,,No,1.00 / 1,,I am highly aware,-- / 0,,No,1.00 / 1,,I am highly aware,-- / 0,,Yes,1.00 / 1,,I am highly aware,-- / 0,,Yes,1.00 / 1,,I am highly aware,-- / 0,,No,1.00 / 1,,I am moderately aware,-- / 0,,No,1.00 / 1,,sure why not until and unless there are rules and regulations  against misuse and misconduct pertaining to anyones identity and if the person on which it is used doesnt like the form of content can restrict any further use of that content ,-- / 0,,"to catch criminals by enacting the crime scene and finding for any clues. 

Using deepfakes to de-age actors, recreate historical figures, or continue performances after an actor’s death (with consent from their family/estate).

As long as audiences are clearly informed it is fictional, avoiding deception.",-- / 0,,"yes, until it is not used for identity theft or for any misleading activities.",-- / 0,,"Make learning more engaging and accessible.

A history class could use deepfakes to create a lifelike recreation of historical figures (e.g., Gandhi explaining his philosophy) while clearly informing students that it is a synthetic re-creation.",-- / 0,,Identity theft  ,-- / 0,
7.00 / 10,I am moderately aware.,-- / 0,,No,0.00 / 1,,I am moderately aware,-- / 0,,Yes,1.00 / 1,,I am moderately aware,-- / 0,,No,0.00 / 1,,I am not aware,-- / 0,,No,0.00 / 1,,I am moderately aware,-- / 0,,No,1.00 / 1,,I am moderately aware,-- / 0,,No,1.00 / 1,,I am not aware,-- / 0,,Yes,1.00 / 1,,I am not aware,-- / 0,,Yes,1.00 / 1,,I am not aware,-- / 0,,No,1.00 / 1,,I am not aware,-- / 0,,No,1.00 / 1,,It should be regulated by law because not everyone is aware when they use/see AI. It can be quite dangerous if a public figure advises wrongly,-- / 0,,It can be used if its done carefully for example if some political leader is not available to give an important message,-- / 0,,It definitely can be used in that way. ,-- / 0,,Bringing back historical figures to life,-- / 0,,"Matters of national security, damaging figures of popular people",-- / 0,
7.00 / 10,I am highly aware.,-- / 0,,No,0.00 / 1,,I am highly aware.,-- / 0,,Yes,1.00 / 1,,I am not aware,-- / 0,,No,0.00 / 1,,I am moderately aware,-- / 0,,Yes,1.00 / 1,,I am highly aware,-- / 0,,No,1.00 / 1,,I am highly aware,-- / 0,,No,1.00 / 1,,I am not aware,-- / 0,,Yes,1.00 / 1,,I am not aware,-- / 0,,No,0.00 / 1,,I am not aware,-- / 0,,No,1.00 / 1,,I am not aware,-- / 0,,No,1.00 / 1,,"Yes, it should be regulated. Deepfake technology can be misused in various ways such as defamation of a person, spreading of hate speech.  ",-- / 0,,"Disney used the deepfake technoloogy to bring back several of its old characters to life, in the Star Wars franchise, such usecases can be considered ethical.",-- / 0,,"Yes, as mentioned inthe previous answer, deepfake technology be a tool for creativity and innovation, such as bringing historical figures to life for educational purposes or enhancing storytelling in films. Where to draw the line is a matter of much debate.",-- / 0,,bringing historical figures to life for educational purposes..,-- / 0,,"Defamation of public personalities, unconsentual use of deepfake to create pornographic content etc",-- / 0,
10.00 / 10,I am highly aware.,-- / 0,,Yes,1.00 / 1,,I am highly aware.,-- / 0,,Yes,1.00 / 1,,I am not aware,-- / 0,,Yes,1.00 / 1,,I am not aware,-- / 0,,Yes,1.00 / 1,,I am highly aware,-- / 0,,No,1.00 / 1,,I am highly aware,-- / 0,,No,1.00 / 1,,I am moderately aware,-- / 0,,Yes,1.00 / 1,,I am moderately aware,-- / 0,,Yes,1.00 / 1,,I am not aware,-- / 0,,No,1.00 / 1,,I am moderately aware,-- / 0,,No,1.00 / 1,,"Yes, the use of deepfake should be regulated by the law because people can misuse this technology, they can demean others by putting others' faces which could be devastating.",-- / 0,,"We can used deepfake technology ethically in many ways, and in fact are being used, such as the voice of Darth Vader from the franchise Star Wars, the VA though as passed away, but his voice is now being used for present movies, we can even used deepfake of famous personalities to promote and motivate.",-- / 0,,"Yes, we can use it as a tool for creativity and innovation. We draw the line when faces of common people are used without their consent, especially in obscene videos.",-- / 0,,"To educate others, motivate by using famous freedom fighters as a face, movies, web series, and many more.",-- / 0,,"If common people's faces are used in deepfakes without their consent, this could harm their reputation, and even ruin their lives",-- / 0,
9.00 / 10,I am moderately aware.,-- / 0,,No,0.00 / 1,,I am highly aware.,-- / 0,,Yes,1.00 / 1,,I am moderately aware,-- / 0,,Yes,1.00 / 1,,I am highly aware,-- / 0,,Yes,1.00 / 1,,I am highly aware,-- / 0,,No,1.00 / 1,,I am highly aware,-- / 0,,No,1.00 / 1,,I am not aware,-- / 0,,Yes,1.00 / 1,,I am not aware,-- / 0,,Yes,1.00 / 1,,I am moderately aware,-- / 0,,No,1.00 / 1,,I am highly aware.,-- / 0,,No,1.00 / 1,,"I think not because it gives govt. more power to censor, which they can use to violate the free sppech and right to expresion.",-- / 0,,"for satirical purposes , and if it is quite evident that it is deepfake then i think it is ethical. For creative purposes , for example, someone made a song remix with Kishor Kumnar's voice by using deepfgake.",-- / 0,,"I Think the answer here is subjective as it depends on the figure of whom the deepfake is being made, but spreading misinformation throgh deepfakes is surely an unethical use.",-- / 0,,"like for example , Kishore Kumar's version of sayiraa song using deepfakes as it is quite entertaing and creative.",-- / 0,,pornography is a major problem with deepfakes. Misinformation can be easily spread through deepfakes.,-- / 0,
6.00 / 10,I am moderately aware.,-- / 0,,No,0.00 / 1,,I am moderately aware,-- / 0,,No,0.00 / 1,,I am moderately aware,-- / 0,,Yes,1.00 / 1,,I am moderately aware,-- / 0,,Yes,1.00 / 1,,I am moderately aware,-- / 0,,No,1.00 / 1,,I am moderately aware,-- / 0,,No,1.00 / 1,,I am moderately aware,-- / 0,,Yes,1.00 / 1,,I am moderately aware,-- / 0,,No,0.00 / 1,,I am moderately aware,-- / 0,,No,1.00 / 1,,I am moderately aware,-- / 0,,Yes,0.00 / 1,,yes. To make sure to not misuse,-- / 0,,It can give speeches ,-- / 0,,Yes so that we can visualize them,-- / 0,,A person who is not able to speak can use this and he can convey what he wants to say,-- / 0,,It can be like plagarism,-- / 0,
6.00 / 10,I am moderately aware.,-- / 0,,No,0.00 / 1,,i am not aware,-- / 0,,No,0.00 / 1,,I am not aware,-- / 0,,No,0.00 / 1,,I am not aware,-- / 0,,Yes,1.00 / 1,,I am not aware,-- / 0,,No,1.00 / 1,,I am moderately aware,-- / 0,,No,1.00 / 1,,I am not aware,-- / 0,,Yes,1.00 / 1,,I am not aware,-- / 0,,No,0.00 / 1,,I am not aware,-- / 0,,No,1.00 / 1,,I am not aware,-- / 0,,No,1.00 / 1,,"Yes, because it can lead to all kinds of misinformation, leading to even international conflicts based on the wrong information.",-- / 0,,"Deepfakes can be used in education if and only if the content used is ethical and according to the curriculum, it can be used for entertainment, however unregulated use will lead to many problems, including financial instability.",-- / 0,,"Yes, they can in order to make learning more interactive, however the line between ethical and unethical is based on information and the meaning of the content.",-- / 0,,"It can bee used with historic figures to teach children history, which make it less boring.",-- / 0,,"Financial instability of the world, misinformation: leading to wars, distrust and many more.",-- / 0,
5.00 / 10,I am moderately aware.,-- / 0,,Yes,1.00 / 1,,I am moderately aware,-- / 0,,No,0.00 / 1,,I am not aware,-- / 0,,No,0.00 / 1,,I am moderately aware,-- / 0,,Yes,1.00 / 1,,I am moderately aware,-- / 0,,No,1.00 / 1,,I am moderately aware,-- / 0,,Yes,0.00 / 1,,I am not aware,-- / 0,,No,0.00 / 1,,I am not aware,-- / 0,,Yes,1.00 / 1,,I am moderately aware,-- / 0,,No,1.00 / 1,,I am not aware,-- / 0,,Yes,0.00 / 1,,"No, there can be many frauds using deepfake technology. If it is regulated by the law then there should be a huge check for no fraudulent activities which is not easy in India with a huge population.",-- / 0,,It can be used in politics as when someone a politician is not able to come or his/hers health conditions are not well but wants to convey his/hers thoughts. Then it can be used effectively. There can be many more such instances.,-- / 0,,"Yeah, it is good if we use it ethically but if we are using it to harass, make fun etc then it will be really bad.",-- / 0,,It can be used in politics as when someone a politician is not able to come or his/hers health conditions are not well but wants to convey his/hers thoughts. Then it can be used effectively. There can be many more such instances.,-- / 0,," it is good if we use it ethically but if we are using it to harass, make fun etc then it will be really bad. There can be many frauds using deepfake technology. If it is regulated by the law then there should be a huge check for no fraudulent activities which is not easy in India with a huge population.",-- / 0,
9.00 / 10,I am moderately aware.,-- / 0,,Yes,1.00 / 1,,I am moderately aware,-- / 0,,Yes,1.00 / 1,,I am not aware,-- / 0,,Yes,1.00 / 1,,I am moderately aware,-- / 0,,Yes,1.00 / 1,,I am moderately aware,-- / 0,,No,1.00 / 1,,I am moderately aware,-- / 0,,No,1.00 / 1,,I am not aware,-- / 0,,Yes,1.00 / 1,,I am moderately aware,-- / 0,,Yes,1.00 / 1,,I am moderately aware,-- / 0,,No,1.00 / 1,,I am highly aware.,-- / 0,,Yes,0.00 / 1,,Yes it should be as people might try to create explicit images of popular figures and post them on social media,-- / 0,,They can be used for education and related stuff as it will help in cost cutting .,-- / 0,,As long as the images are not being used with the intent of demeaning or harassing someone they can be used to enhance storytelling etc,-- / 0,,Can be used when high quality images are not required,-- / 0,,Recently some explicit images of some actress were spread all over the internet,-- / 0,
8.00 / 10,I am highly aware.,-- / 0,,Yes,1.00 / 1,,I am highly aware.,-- / 0,,Yes,1.00 / 1,,I am highly aware,-- / 0,,No,0.00 / 1,,I am highly aware,-- / 0,,Yes,1.00 / 1,,I am highly aware,-- / 0,,No,1.00 / 1,,I am highly aware,-- / 0,,No,1.00 / 1,,I am highly aware,-- / 0,,Yes,1.00 / 1,,I am highly aware,-- / 0,,No,0.00 / 1,,I am highly aware,-- / 0,,No,1.00 / 1,,I am highly aware.,-- / 0,,No,1.00 / 1,,"Yes because deepfake technology in malicious hands can increase the number of scams and innocent people, especially the elderly, can be scammed off money or property.",-- / 0,,"If a celebrity is given a contract to feature in an ad and he fails to show up fpr the shoot, a deepfake can be made to complete the job as no one will give a second thought of whether the celebrity is speaking or his/her deepfake.",-- / 0,,Absolutely.Visual graphics and their appearance has a psychological impact on viewers and the retention span of a person of a video/message is more when the way the message has been shared is visually appealing and convincing.,-- / 0,,Advanteages of deepfakes with goodwill is the impact on a person. If a story has a moral to propagate which the masses need to know then of rthem the method via it is being shared should be appealing.,-- / 0,,Scams and theft by convincing deceptively via deepfake. ,-- / 0,
6.00 / 10,I am moderately aware.,-- / 0,,Yes,1.00 / 1,,I am moderately aware,-- / 0,,No,0.00 / 1,,I am not aware,-- / 0,,No,0.00 / 1,,I am not aware,-- / 0,,Yes,1.00 / 1,,I am not aware,-- / 0,,No,1.00 / 1,,I am highly aware,-- / 0,,No,1.00 / 1,,I am moderately aware,-- / 0,,No,0.00 / 1,,I am not aware,-- / 0,,Yes,1.00 / 1,,I am not aware,-- / 0,,Yes,0.00 / 1,,I am not aware,-- / 0,,No,1.00 / 1,,No it is dangerous for the people who have no knowledge and for uneducated people,-- / 0,,yes,-- / 0,,yeah we can use it to educate the people and by using it we can create pictures in story telling and ,-- / 0,,we know about the people ,-- / 0,,people get fooled,-- / 0,
3.00 / 10,I am moderately aware.,-- / 0,,Yes,1.00 / 1,,i am not aware,-- / 0,,No,0.00 / 1,,I am not aware,-- / 0,,Yes,1.00 / 1,,I am not aware,-- / 0,,No,0.00 / 1,,I am not aware,-- / 0,,No,1.00 / 1,,I am moderately aware,-- / 0,,Yes,0.00 / 1,,I am not aware,-- / 0,,No,0.00 / 1,,I am not aware,-- / 0,,No,0.00 / 1,,I am not aware,-- / 0,,Yes,0.00 / 1,,I am moderately aware,-- / 0,,Yes,0.00 / 1,,"Yes. I think it should be. As we see in news, it's usage is not proper and hence it should be regulated by law.",-- / 0,,"It can be used for recreating history, as a way of visual understanding of historical moments.",-- / 0,,"Yes. I feel that as long as the use of deep fake is giving some kind of educational, useful information to today's generation and as long it's use is not done for the wrong things, deepfake technology can be used for creativity and innovation.",-- / 0,,They can be used for educational purposes. Can be used for creative art. Imagining historic paintings in a different light.,-- / 0,,"Fake impersonations, developing fake images.",-- / 0,
7.00 / 10,I am moderately aware.,-- / 0,,No,0.00 / 1,,i am not aware,-- / 0,,Yes,1.00 / 1,,I am not aware,-- / 0,,Yes,1.00 / 1,,I am not aware,-- / 0,,No,0.00 / 1,,I am moderately aware,-- / 0,,No,1.00 / 1,,I am moderately aware,-- / 0,,No,1.00 / 1,,I am moderately aware,-- / 0,,Yes,1.00 / 1,,I am not aware,-- / 0,,No,0.00 / 1,,I am moderately aware,-- / 0,,No,1.00 / 1,,I am moderately aware,-- / 0,,No,1.00 / 1,,"no,it is useful .But using it for a wrong purpose should be regulated",-- / 0,,"it can be used to make photos to look better than the before
and also in many investigations 
it can also be used for many entertainment purposes
 and also in study purpose
in making films good also",-- / 0,,"yes it can be a tool for creative and innovation,
but should not use this tool in criticizing people
should ha some barriers
",-- / 0,,"their are many advantages of this tool 
like using it in study purpose makes you to understand some more information greately
in making film to look good
in making some comedy shows ",-- / 0,,"some people use it to criticize other people ,that should be banned
and should be removed",-- / 0,
5.00 / 10,I am not aware.,-- / 0,,Yes,1.00 / 1,,I am moderately aware,-- / 0,,Yes,1.00 / 1,,I am not aware,-- / 0,,No,0.00 / 1,,I am moderately aware,-- / 0,,Yes,1.00 / 1,,I am moderately aware,-- / 0,,No,1.00 / 1,,I am highly aware,-- / 0,,No,1.00 / 1,,I am highly aware,-- / 0,,No,0.00 / 1,,I am moderately aware,-- / 0,,No,0.00 / 1,,I am not aware,-- / 0,,Yes,0.00 / 1,,I am moderately aware,-- / 0,,Yes,0.00 / 1,,"Yes, because fake or created images or videos or photos often mislead people to think something which never happened which in turn affects the person had been used as it may lead to negative intentions on that person.",-- / 0,,Yes particularly in movies deepfake technology can be used where you need some animals to be portrayed so then we can use this so that neither humans nor animals are harmed.,-- / 0,,Ethical use is when we mention its ai generated and use it in films and rediscovering objects  and unethical when used for misleading people. ,-- / 0,,Advantages is we can make people visualize about the things which can't be physically brought like mainly in anatomy and we can use this in predicting what happened in history by bringing back the incidents that happened long back.,-- / 0,,Negatives are these deep fakes like they fake the information which often lead to misunderstanding and serious problems (if its a bigger picture may even lead to wars),-- / 0,
8.00 / 10,I am highly aware.,-- / 0,,Yes,1.00 / 1,,I am moderately aware,-- / 0,,Yes,1.00 / 1,,I am moderately aware,-- / 0,,Yes,1.00 / 1,,I am not aware,-- / 0,,Yes,1.00 / 1,,I am highly aware,-- / 0,,No,1.00 / 1,,I am highly aware,-- / 0,,Yes,0.00 / 1,,I am highly aware,-- / 0,,Yes,1.00 / 1,,I am highly aware,-- / 0,,No,0.00 / 1,,I am highly aware,-- / 0,,No,1.00 / 1,,I am moderately aware,-- / 0,,No,1.00 / 1,,A bit should be regulated but like for not spreading false statements (by any popular leader or popular person in world). Otherwise it shouldn't be regulated because it helps creaters to be more tools to make something new(that obviously don't hurt anyone),-- / 0,,"Education, Singing and Entertaintment. ",-- / 0,,YES. When they project the historical events/ figures in false way.,-- / 0,,"If a creator is feeling low and not willing to make videos for some time, he/she can use it for some time as a substitute to maintain his/her growth.",-- / 0,,False statements by a Political Leader.,-- / 0,
8.00 / 10,I am highly aware.,-- / 0,,Yes,1.00 / 1,,I am moderately aware,-- / 0,,Yes,1.00 / 1,,I am highly aware,-- / 0,,Yes,1.00 / 1,,I am highly aware,-- / 0,,Yes,1.00 / 1,,I am highly aware,-- / 0,,No,1.00 / 1,,I am highly aware,-- / 0,,No,1.00 / 1,,I am highly aware,-- / 0,,Yes,1.00 / 1,,I am highly aware,-- / 0,,No,0.00 / 1,,I am moderately aware,-- / 0,,No,1.00 / 1,,I am highly aware.,-- / 0,,Yes,0.00 / 1,,"Absolutely, we need to have laws for deepfakes. In the wrong hands, this technology can be a devastating weapon used to ruin reputations and spread lies. ",-- / 0,,"as long as you have permission and you're completely upfront that it's a fake, the technology can be used ethically for anything from making cool movie effects to bringing history lessons to life.",-- / 0,,"It's a brilliant creative tool for things like movies and education; the line gets crossed the moment it's used to deceive, manipulate, or harm someone without their clear consent.",-- / 0,,"Dubbing Movies, Tools for specially abled people ",-- / 0,,"person's reputation with a fake video
",-- / 0,
6.00 / 10,I am highly aware.,-- / 0,,No,0.00 / 1,,I am highly aware.,-- / 0,,Yes,1.00 / 1,,I am not aware,-- / 0,,No,0.00 / 1,,I am highly aware,-- / 0,,Yes,1.00 / 1,,I am highly aware,-- / 0,,No,1.00 / 1,,I am highly aware,-- / 0,,No,1.00 / 1,,I am highly aware,-- / 0,,Yes,1.00 / 1,,I am not aware,-- / 0,,No,0.00 / 1,,I am moderately aware,-- / 0,,No,1.00 / 1,,I am moderately aware,-- / 0,,Yes,0.00 / 1,,"DEPENDS!! Some people who are really intelligent(like me) can make great use out of them but some idiots does not know how to use them properly lol(stupid) we can really make money out of them in social media handles(here::::the use means just by using the legal and non copywrite strikable content) but some may really destroy things like deepfakes or these audios of top leaders(which are made with finest quality) can affect major things like stocks,industries etc etc within no time.So there is no perfect ""YES OR NO"" answer for this question.",-- / 0,,entertainment and politics(for influencing the nations YOUTH(especially GENZ)) can be used,-- / 0,,"yes ,why not my opinion is ""IT IS MERE STUPIDITY FOR ARGUING THINGS LIKE DRAWING A LINE BETWEEN LEGAL AND ILLEGAL USE because here no body cares others privacy everything INDIRECTLY became legal now my point is that EVERYTHING IS ACCESIBLE now so now telling people that DONT USE THEM "" its like dont watch animal movie as it has some explicit scenes while whole internet has those things NO LOGIC!!",-- / 0,,"some creators are making great fame,name and money using them",-- / 0,,some morphing things,-- / 0,
6.00 / 10,I am not aware.,-- / 0,,Yes,1.00 / 1,,i am not aware,-- / 0,,No,0.00 / 1,,I am not aware,-- / 0,,No,0.00 / 1,,I am not aware,-- / 0,,Yes,1.00 / 1,,I am not aware,-- / 0,,No,1.00 / 1,,I am not aware,-- / 0,,No,1.00 / 1,,I am not aware,-- / 0,,Yes,1.00 / 1,,I am not aware,-- / 0,,No,0.00 / 1,,I am not aware,-- / 0,,No,1.00 / 1,,I am not aware,-- / 0,,Yes,0.00 / 1,,Yes it should be regulated as AI can use it to make us believe on something we shouldn't and make us do what it desires.,-- / 0,,it can be used for education and entertainment purposes to make public aware of something and it's benefits so that they can also contribute their effort to the society.,-- / 0,,"Yes it can be used for creativity and innovation,like historical figures dicussing a solution to a math problem.",-- / 0,,It can be used to educate people by using it to create some videos to deliver some important social message.For example it can make a video on women empowerment .,-- / 0,,Some negative consequences is that AI can be some times nonethical as it may create some unimportant and bad messages or may awaken a bad belief again amongst people.,-- / 0,
9.00 / 10,I am moderately aware.,-- / 0,,Yes,1.00 / 1,,I am moderately aware,-- / 0,,Yes,1.00 / 1,,I am not aware,-- / 0,,No,0.00 / 1,,I am highly aware,-- / 0,,Yes,1.00 / 1,,I am moderately aware,-- / 0,,No,1.00 / 1,,I am moderately aware,-- / 0,,No,1.00 / 1,,I am not aware,-- / 0,,Yes,1.00 / 1,,I am not aware,-- / 0,,Yes,1.00 / 1,,I am not aware,-- / 0,,No,1.00 / 1,,I am not aware,-- / 0,,No,1.00 / 1,,"It should be regulated, atleast to some extent. Using it for creative purposes is fine, but it can easily cross borders. Impersonation becomes something even kids can do, and I dont have to enamorate more on that, do I? The thin line between our virtual presence and reality will fade even more. So, it should be regulated atleast somewhat.",-- / 0,,I have stated these answers below. (idk ig),-- / 0,,"Creativity will be through the roof when using such tech, especially because there are no boundaries to the limits of AI. Its fine as long as the historical figures are brought to life and are simulated to doing only things that they couldve done, anything that doesnt go against their ""supposed"" legacies.",-- / 0,,"A specific scenario is the fast and furious series, where paul walker passed away, and they used tech similar to deepfake, to finish the movie even though he has passed away. Similarly, in the entertainment industry, it can be used extensively in various ways, reshoots wont be required and so on.",-- / 0,,"Impersonation -> politicians can be deepfaked for malicious intent, people are gonna be taken advantage of, blackmailing and money laundering will be the easiest things to carry out etc.",-- / 0,
5.00 / 10,I am not aware.,-- / 0,,Yes,1.00 / 1,,I am moderately aware,-- / 0,,No,0.00 / 1,,I am not aware,-- / 0,,Yes,1.00 / 1,,I am not aware,-- / 0,,No,0.00 / 1,,I am not aware,-- / 0,,No,1.00 / 1,,I am moderately aware,-- / 0,,No,1.00 / 1,,I am highly aware,-- / 0,,Yes,1.00 / 1,,I am highly aware,-- / 0,,No,0.00 / 1,,I am not aware,-- / 0,,Yes,0.00 / 1,,I am not aware,-- / 0,,Yes,0.00 / 1,,"Yes,I think by the law because AI is generating fake pictures and audio which can be used for bad things.",-- / 0,,It can we useful in education to entertain children or teach them.,-- / 0,,government should put laws on this. ,-- / 0,,creating photos of family with dead people and make memory.,-- / 0,,Wrong use of audio to take money from relatives.,-- / 0,
5.00 / 10,I am moderately aware.,-- / 0,,Yes,1.00 / 1,,i am not aware,-- / 0,,Yes,1.00 / 1,,I am moderately aware,-- / 0,,No,0.00 / 1,,I am not aware,-- / 0,,Yes,1.00 / 1,,I am not aware,-- / 0,,Yes,0.00 / 1,,I am moderately aware,-- / 0,,Yes,0.00 / 1,,I am not aware,-- / 0,,Yes,1.00 / 1,,I am not aware,-- / 0,,No,0.00 / 1,,I am not aware,-- / 0,,No,1.00 / 1,,I am not aware,-- / 0,,Yes,0.00 / 1,,"Yes, it should be regulated by law. This technology can be useful for smaller creators or businesses but is ethically harmful to the actual people who get paid to do these jobs. ",-- / 0,,"Yes, they can be used for voiceovers in commercials, making clipart etc.. but i don't think that doing this is ethical ",-- / 0,,This technology could be used to give ideas but that's where I'd  draw the line. Being creative is something I wouldn't give up just for convenience.,-- / 0,,"By using deepfakes, the cost of whatever you want to produce is basically a 0. example: you want to film a commercial for your product but you don't have the money to pay for an actor or voice actor, you could use a deepfake...",-- / 0,,people who actually do these jobs for a living are not getting employed or paid,-- / 0,
5.00 / 10,I am moderately aware.,-- / 0,,No,0.00 / 1,,I am moderately aware,-- / 0,,No,0.00 / 1,,I am moderately aware,-- / 0,,No,0.00 / 1,,I am moderately aware,-- / 0,,Yes,1.00 / 1,,I am not aware,-- / 0,,No,1.00 / 1,,I am moderately aware,-- / 0,,No,1.00 / 1,,I am not aware,-- / 0,,No,0.00 / 1,,I am not aware,-- / 0,,Yes,1.00 / 1,,I am not aware,-- / 0,,No,1.00 / 1,,I am not aware,-- / 0,,Yes,0.00 / 1,,"I believe it should be regulated. Till now, there have been a lot of instances where deepfake technology is misused . I believe it is fine as long as you have the consent of person/people",-- / 0,,"We can use it to reanimate popular figures, so that it can bring a sense of peace in a community.",-- / 0,,"It can be used to animate faces into people, so that it can look like the character themselves have narrated the story. The line lies in the consent. As long as you have consent and not harming the people in any way, it should be fine.",-- / 0,,"It can be used to reanimate the face of people who are deceased, so that the relative of the deceased can get some closure in their hearts. ",-- / 0,,Using deepfake to copy the faces for threatening by editing the face into some video in not a good way.,-- / 0,
7.00 / 10,I am moderately aware.,-- / 0,,Yes,1.00 / 1,,I am moderately aware,-- / 0,,No,0.00 / 1,,I am not aware,-- / 0,,Yes,1.00 / 1,,I am not aware,-- / 0,,Yes,1.00 / 1,,I am moderately aware,-- / 0,,No,1.00 / 1,,I am moderately aware,-- / 0,,No,1.00 / 1,,I am not aware,-- / 0,,No,0.00 / 1,,I am not aware,-- / 0,,No,0.00 / 1,,I am not aware,-- / 0,,No,1.00 / 1,,I am moderately aware,-- / 0,,No,1.00 / 1,,Absolutely! Deepfakes have gotten to a point where the identity can be compromised. There should be laws in place to prevent identity theft and impersonation.,-- / 0,,Realtime language translation deepfakes can prove to be useful to make announcements in all languages simultaneously on a national or international level. ,-- / 0,,"The creative freedom is unlimited with AI models that are only getting stronger and more indistinguishable that reality. It would do more benefit than harm to allow deepfakes for creative use initially. However with laws not being optimally tight.. Many industries would stray towards unethical means to generate content. Therefore when it comes to individuals, there must be laws protecting the use of their faces/voices/bodies without consent.",-- / 0,,Well lip-synced voiceovers for videos on YouTube and such platforms that match the original voice of the creator.,-- / 0,,"Identity theft and impersonation. For example perhaps a predator faking a parents voice to tell a vulnerable child to ""meet them in the park""",-- / 0,
7.00 / 10,I am moderately aware.,-- / 0,,No,0.00 / 1,,I am moderately aware,-- / 0,,Yes,1.00 / 1,,I am moderately aware,-- / 0,,Yes,1.00 / 1,,I am not aware,-- / 0,,No,0.00 / 1,,I am moderately aware,-- / 0,,No,1.00 / 1,,I am moderately aware,-- / 0,,No,1.00 / 1,,I am not aware,-- / 0,,Yes,1.00 / 1,,I am not aware,-- / 0,,No,0.00 / 1,,I am not aware,-- / 0,,No,1.00 / 1,,I am not aware,-- / 0,,No,1.00 / 1,,"Yes, I think that deepfake technology should be regulated by law as, if it is not used properly it can be used to commit cybercrimes, frauds etc.",-- / 0,,"Deepfake technology can help us visualize concepts better for educational purposes, it can also be used to create videos of historical figures coming to life to create positive narratives in the society.",-- / 0,,"Deepfake technology can be used as a tool for creativity and innovation, however it can also be used for unethical purposes. We can call the deepfake video/pictures/audio if it does not defame a person, show  an act which a person might not have commited or harm a person,  community, or religious sentiments",-- / 0,,"Some advantages of using deepfake are making an artistic potrait of a person, for illustration purposes of body parts, machines for education purpose etc. ",-- / 0,,"Negative consequences of using deepfake include generation of images or videos of people doing an activity which they have not done, which can be further used to alter or create false evidences in criminal cases etc.",-- / 0,
6.00 / 10,I am moderately aware.,-- / 0,,No,0.00 / 1,,I am highly aware.,-- / 0,,No,0.00 / 1,,I am not aware,-- / 0,,No,0.00 / 1,,I am highly aware,-- / 0,,Yes,1.00 / 1,,I am highly aware,-- / 0,,No,1.00 / 1,,I am highly aware,-- / 0,,No,1.00 / 1,,I am moderately aware,-- / 0,,No,0.00 / 1,,I am not aware,-- / 0,,Yes,1.00 / 1,,I am not aware,-- / 0,,No,1.00 / 1,,I am not aware,-- / 0,,No,1.00 / 1,,"As per my experience in this form,
I couldn't answer many of the questions because I don't know some of the people like i could identify arjun kapoor, deepika padukone but there were some foreigners whom i couldn't identify, because i have never seen them.
Then this cannot be a criteria to judge a person's identity  or else if deepfake is used, you must show them things with with which they are familiar with, then it may help the government or the law. In my case, i would me comfortable with bollywood, cricket as my knowledge is poor in English movies and foreign singers😅😅😅",-- / 0,,"Like, you seniors have used it in our tests, to mark attendance 
it may also be used during online transactions and online money related stuff, as nowadays there are more frauds going on in society.",-- / 0,,"yeah it may increase your judging ability, your remembering power, it will also increase your creativity if you are creating a deepfake form like this",-- / 0,,"i think the current context is a good one, as a mark of attendance in tests
it may also be used while testing whether it is a person or a robot during opening any of the websites",-- / 0,,"some people might feel difficult to justify between whether the picture is real or not
so it might be difficult to judge between right or wrong person
",-- / 0,
6.00 / 10,I am highly aware.,-- / 0,,Yes,1.00 / 1,,I am highly aware.,-- / 0,,Yes,1.00 / 1,,I am not aware,-- / 0,,No,0.00 / 1,,I am highly aware,-- / 0,,Yes,1.00 / 1,,I am highly aware,-- / 0,,No,1.00 / 1,,I am highly aware,-- / 0,,No,1.00 / 1,,I am moderately aware,-- / 0,,Yes,1.00 / 1,,I am moderately aware,-- / 0,,No,0.00 / 1,,I am not aware,-- / 0,,Yes,0.00 / 1,,I am not aware,-- / 0,,Yes,0.00 / 1,,idk,-- / 0,,education ,-- / 0,,in education and cheating,-- / 0,,to study any kind of topic its best,-- / 0,,"human gets the habit of resting,and stops using his brain",-- / 0,
4.00 / 10,I am moderately aware.,-- / 0,,Yes,1.00 / 1,,i am not aware,-- / 0,,No,0.00 / 1,,I am not aware,-- / 0,,Yes,1.00 / 1,,I am not aware,-- / 0,,No,0.00 / 1,,I am not aware,-- / 0,,Yes,0.00 / 1,,I am not aware,-- / 0,,Yes,0.00 / 1,,I am not aware,-- / 0,,Yes,1.00 / 1,,I am not aware,-- / 0,,No,0.00 / 1,,I am not aware,-- / 0,,No,1.00 / 1,,I am not aware,-- / 0,,Yes,0.00 / 1,,"Absolutely. AI-generated content has flooded the internet, and it is nearly impossible to distinguish the truth from lies anymore.",-- / 0,,"I see very few potential (positive) uses for deepfake technology. Perhaps in an educational setting, it could be useful.",-- / 0,,"Yes, I believe it could be useful in educational purposes. The line is not defined very concretely. In my opinion, I would rather have no deepfake abilities at all. The pros are heavily outweighed by the cons.",-- / 0,,"In an educational setting, it might make topics more relatable and easy to understand. For example, while illustrating a history lesson.",-- / 0,,Fake news spreads like wildfire as is. We really do not need deepfakes worsening that situation.,-- / 0,
6.00 / 10,I am highly aware.,-- / 0,,Yes,1.00 / 1,,I am moderately aware,-- / 0,,Yes,1.00 / 1,,I am moderately aware,-- / 0,,Yes,1.00 / 1,,I am moderately aware,-- / 0,,Yes,1.00 / 1,,I am moderately aware,-- / 0,,Yes,0.00 / 1,,I am moderately aware,-- / 0,,Yes,0.00 / 1,,I am moderately aware,-- / 0,,Yes,1.00 / 1,,I am moderately aware,-- / 0,,Yes,1.00 / 1,,I am moderately aware,-- / 0,,Yes,0.00 / 1,,I am moderately aware,-- / 0,,Yes,0.00 / 1,,"yes,Deepfakes can be used to fabricate speeches, fake news, or events, undermining trust in democratic processes. Without legal checks, they could destabilize elections or international relations.",-- / 0,,"Movies can use deepfakes to bring historical figures or deceased actors to life (with family/estate consent).
Actors could approve digital doubles for stunt scenes, reducing physical risk.
Music or art projects could experiment creatively with voices and faces, as long as audiences know it’s synthetic",-- / 0,,"yes,deepfakes can spark creativity by reviving historical figures for education or enhancing storytelling in films. The ethical line is crossed when there’s no consent, no disclosure, or when the intent is to deceive or harm.",-- / 0,,"in education, deepfakes can bring historical figures like Einstein to “teach” concepts, making lessons engaging. In film, they allow realistic de-aging of actors, preserving continuity without recasting.",-- / 0,,"Deepfakes can destabilize democracy by spreading fake political speeches that incite violence or sway elections. They can also ruin lives through non-consensual explicit content, causing irreversible psychological and reputational harm.",-- / 0,
5.00 / 10,I am highly aware.,-- / 0,,No,0.00 / 1,,I am highly aware.,-- / 0,,No,0.00 / 1,,I am highly aware,-- / 0,,Yes,1.00 / 1,,I am highly aware,-- / 0,,No,0.00 / 1,,I am moderately aware,-- / 0,,Yes,0.00 / 1,,I am highly aware,-- / 0,,No,1.00 / 1,,I am highly aware,-- / 0,,Yes,1.00 / 1,,I am highly aware,-- / 0,,Yes,1.00 / 1,,I am highly aware,-- / 0,,No,1.00 / 1,,I am highly aware.,-- / 0,,Yes,0.00 / 1,,no,-- / 0,,cutting movie costs by replacing the actor,-- / 0,,yes,-- / 0,,to help teach kids using deepfake of a figure,-- / 0,,inappropriate content of people getting distributed,-- / 0,
6.00 / 10,I am not aware.,-- / 0,,Yes,1.00 / 1,,I am highly aware.,-- / 0,,No,0.00 / 1,,I am moderately aware,-- / 0,,Yes,1.00 / 1,,I am highly aware,-- / 0,,No,0.00 / 1,,I am highly aware,-- / 0,,No,1.00 / 1,,I am highly aware,-- / 0,,No,1.00 / 1,,I am not aware,-- / 0,,No,0.00 / 1,,I am not aware,-- / 0,,Yes,1.00 / 1,,I am not aware,-- / 0,,Yes,0.00 / 1,,I am moderately aware,-- / 0,,No,1.00 / 1,,yes because some bastard persons may use ai in different ways,-- / 0,,entertainment ,-- / 0,,somewhat yes but no because some people may use it very differently,-- / 0,,there are some advantages like telling a story,-- / 0,,some people may use deepfake for making wrong content which may harm people,-- / 0,
6.00 / 10,I am highly aware.,-- / 0,,No,0.00 / 1,,I am highly aware.,-- / 0,,No,0.00 / 1,,I am moderately aware,-- / 0,,Yes,1.00 / 1,,I am not aware,-- / 0,,Yes,1.00 / 1,,I am not aware,-- / 0,,Yes,0.00 / 1,,I am highly aware,-- / 0,,No,1.00 / 1,,I am moderately aware,-- / 0,,Yes,1.00 / 1,,I am not aware,-- / 0,,Yes,1.00 / 1,,I am moderately aware,-- / 0,,No,1.00 / 1,,I am not aware,-- / 0,,Yes,0.00 / 1,,"Yes, according to me the use of deepfake technology should be regulated by law because fake news can be circulated really fast using this technology",-- / 0,,to promote peace,-- / 0,,yes i believe the use of deepfake as a tool to bring historical figures to life would be a nice idea. using deepfake to spread wrong information about history should be punished,-- / 0,,we can use deepfakes for training AI models through thousands of testcases,-- / 0,,"to damage someones reputation, fake videos / scams are some serious consequences of using deepfake",-- / 0,
7.00 / 10,I am highly aware.,-- / 0,,No,0.00 / 1,,I am highly aware.,-- / 0,,Yes,1.00 / 1,,I am highly aware,-- / 0,,Yes,1.00 / 1,,I am highly aware,-- / 0,,Yes,1.00 / 1,,I am highly aware,-- / 0,,No,1.00 / 1,,I am highly aware,-- / 0,,Yes,0.00 / 1,,I am highly aware,-- / 0,,Yes,1.00 / 1,,I am highly aware,-- / 0,,Yes,1.00 / 1,,I am highly aware,-- / 0,,No,1.00 / 1,,I am highly aware.,-- / 0,,Yes,0.00 / 1,,YES,-- / 0,,"For educational purposes, like reading out articles, for listening tests of languages",-- / 0,,yes ,-- / 0,,"we can reimagine old images or scriptures for better clarity and studying of art
",-- / 0,,it can severely affect people if used to defame an indivisual,-- / 0,
6.00 / 10,I am not aware.,-- / 0,,Yes,1.00 / 1,,i am not aware,-- / 0,,Yes,1.00 / 1,,I am not aware,-- / 0,,No,0.00 / 1,,I am not aware,-- / 0,,Yes,1.00 / 1,,I am not aware,-- / 0,,No,1.00 / 1,,I am not aware,-- / 0,,No,1.00 / 1,,I am highly aware,-- / 0,,No,0.00 / 1,,I am highly aware,-- / 0,,Yes,1.00 / 1,,I am moderately aware,-- / 0,,Yes,0.00 / 1,,I am highly aware.,-- / 0,,Yes,0.00 / 1,,yes as it breaches privacy,-- / 0,,i dont believe it should be used,-- / 0,,yes it cam be done but it will still offend some people,-- / 0,,like using it in movies,-- / 0,,it will offend someone.like while deepfaking historical figure some extremist will say it is not right to deepfake them,-- / 0,
8.00 / 10,I am highly aware.,-- / 0,,No,0.00 / 1,,I am highly aware.,-- / 0,,Yes,1.00 / 1,,I am highly aware,-- / 0,,No,0.00 / 1,,I am highly aware,-- / 0,,Yes,1.00 / 1,,I am highly aware,-- / 0,,No,1.00 / 1,,I am highly aware,-- / 0,,No,1.00 / 1,,I am highly aware,-- / 0,,Yes,1.00 / 1,,I am highly aware,-- / 0,,Yes,1.00 / 1,,I am not aware,-- / 0,,No,1.00 / 1,,I am not aware,-- / 0,,No,1.00 / 1,,"I think that the use of deepfake technology should be regulated by law as it can be used for illicit purposes, spreading misinformation in the form of personalities and many other risks.",-- / 0,,Deepfake technology can be used in the posthumous performance of a dead or ill performeer in the case that they have given their consent. It should also be used in multimedia wherever needed with consent to save collective effort.,-- / 0,,Yes. I have drawn the line between ethical and unethical uses in my above answers.,-- / 0,,"The advantage of using deepfakes in the above context is to not stress any ill/dead performer and to save collective effort from the people who participate in creating videos, TV series and so on, wherever needed",-- / 0,,"People will accept misinformation as true when it is said by one of the personalities that they are in a voyeuristic relationship with, and then it can cause negative mental effects when a person's deepfakes goes against their actions or ideals and is hence not representative of them whereas the world has gotten to see otherwise.",-- / 0,
7.00 / 10,I am highly aware.,-- / 0,,No,0.00 / 1,,i am not aware,-- / 0,,Yes,1.00 / 1,,I am highly aware,-- / 0,,Yes,1.00 / 1,,I am not aware,-- / 0,,No,0.00 / 1,,I am moderately aware,-- / 0,,No,1.00 / 1,,I am highly aware,-- / 0,,No,1.00 / 1,,I am moderately aware,-- / 0,,Yes,1.00 / 1,,I am moderately aware,-- / 0,,No,0.00 / 1,,I am not aware,-- / 0,,No,1.00 / 1,,I am not aware,-- / 0,,No,1.00 / 1,,"yes. it does not give credit to the original, consumers dont know whats the truth or lie",-- / 0,,"non creative field, in mundane tasks",-- / 0,,"no they shouldnt. art is human, nothing else",-- / 0,,"faster mundane task completion in day to day life
",-- / 0,,no one knows whats the truth or false,-- / 0,
8.00 / 10,I am not aware.,-- / 0,,Yes,1.00 / 1,,I am highly aware.,-- / 0,,No,0.00 / 1,,I am highly aware,-- / 0,,Yes,1.00 / 1,,I am highly aware,-- / 0,,Yes,1.00 / 1,,I am highly aware,-- / 0,,No,1.00 / 1,,I am highly aware,-- / 0,,No,1.00 / 1,,I am moderately aware,-- / 0,,Yes,1.00 / 1,,I am highly aware,-- / 0,,Yes,1.00 / 1,,I am highly aware,-- / 0,,No,1.00 / 1,,I am highly aware.,-- / 0,,Yes,0.00 / 1,,"it should be, for the why part, idk man it just feels like it",-- / 0,,education,-- / 0,,i draw the line at exact 5 units away from ethical use and 8 units from unethical use,-- / 0,,correcting old videos like 19th century type of ones ,-- / 0,,misuse,-- / 0,
7.00 / 10,I am highly aware.,-- / 0,,No,0.00 / 1,,I am highly aware.,-- / 0,,Yes,1.00 / 1,,I am moderately aware,-- / 0,,Yes,1.00 / 1,,I am highly aware,-- / 0,,Yes,1.00 / 1,,I am highly aware,-- / 0,,No,1.00 / 1,,I am highly aware,-- / 0,,Yes,0.00 / 1,,I am highly aware,-- / 0,,Yes,1.00 / 1,,I am highly aware,-- / 0,,No,0.00 / 1,,I am moderately aware,-- / 0,,No,1.00 / 1,,I am highly aware.,-- / 0,,No,1.00 / 1,,yes should be regulated by government for some serious exams or tests to maintain transperency ,-- / 0,,for entertainment ,-- / 0,,yes it helps me laugh seeing gandhi memes ,-- / 0,,no idea ,-- / 0,,the real talent cannot be show cased by the industry thus a loss can be inccured by the industry,-- / 0,
6.00 / 10,I am highly aware.,-- / 0,,Yes,1.00 / 1,,I am moderately aware,-- / 0,,No,0.00 / 1,,I am moderately aware,-- / 0,,No,0.00 / 1,,I am not aware,-- / 0,,Yes,1.00 / 1,,I am highly aware,-- / 0,,No,1.00 / 1,,I am highly aware,-- / 0,,Yes,0.00 / 1,,I am not aware,-- / 0,,Yes,1.00 / 1,,I am moderately aware,-- / 0,,No,0.00 / 1,,I am moderately aware,-- / 0,,No,1.00 / 1,,I am moderately aware,-- / 0,,No,1.00 / 1,,Yes it should be regulated by law as the misuse probability of AI at this level is very high,-- / 0,,"it can be ethically used for education purposes as academically interested individuals can get a huge benefit in exploring , identifying and learning",-- / 0,,"it can be used for innovation , as long as AI is useful for the collective society as whole , it will be considered under ethical use of AI",-- / 0,,"it can be used in music industry , entertainment and educational purposes as tutoring platform , ott platforms etc",-- / 0,,"serious consequence can be misleading information , directing the mass to a wrong conclusion",-- / 0,
7.00 / 10,I am not aware.,-- / 0,,Yes,1.00 / 1,,I am highly aware.,-- / 0,,Yes,1.00 / 1,,I am moderately aware,-- / 0,,No,0.00 / 1,,I am moderately aware,-- / 0,,Yes,1.00 / 1,,I am moderately aware,-- / 0,,No,1.00 / 1,,I am highly aware,-- / 0,,No,1.00 / 1,,I am not aware,-- / 0,,Yes,1.00 / 1,,I am not aware,-- / 0,,Yes,1.00 / 1,,I am moderately aware,-- / 0,,Yes,0.00 / 1,,I am moderately aware,-- / 0,,Yes,0.00 / 1,,yes,-- / 0,,none,-- / 0,,yes,-- / 0,,the mentioned above one,-- / 0,,yes many,-- / 0,
9.00 / 10,I am highly aware.,-- / 0,,Yes,1.00 / 1,,I am highly aware.,-- / 0,,Yes,1.00 / 1,,I am moderately aware,-- / 0,,No,0.00 / 1,,I am moderately aware,-- / 0,,Yes,1.00 / 1,,I am highly aware,-- / 0,,No,1.00 / 1,,I am highly aware,-- / 0,,No,1.00 / 1,,I am moderately aware,-- / 0,,Yes,1.00 / 1,,I am not aware,-- / 0,,Yes,1.00 / 1,,I am moderately aware,-- / 0,,No,1.00 / 1,,I am not aware,-- / 0,,No,1.00 / 1,,"yes it should be regulated as it can be used to misguide, and portray something that's not actual and legitimate.",-- / 0,,"it can be used ethically in cases of education, entertainment industry(anime) to create something that is an imagination and bring it to reality.",-- / 0,,"yes it can be used to teach about history, it can be used to create better stories",-- / 0,,we can achieve what the human mind cannot imagine. we can use it to impart knowledge. we can use it against criminals to get out information.,-- / 0,,"people are misguided, they can be lured into mishaps and loss causations",-- / 0,
6.00 / 10,I am highly aware.,-- / 0,,Yes,1.00 / 1,,I am highly aware.,-- / 0,,Yes,1.00 / 1,,I am not aware,-- / 0,,No,0.00 / 1,,I am moderately aware,-- / 0,,Yes,1.00 / 1,,I am highly aware,-- / 0,,Yes,0.00 / 1,,I am highly aware,-- / 0,,Yes,0.00 / 1,,I am not aware,-- / 0,,No,0.00 / 1,,I am moderately aware,-- / 0,,Yes,1.00 / 1,,I am moderately aware,-- / 0,,No,1.00 / 1,,I am highly aware.,-- / 0,,No,1.00 / 1,,"Yeah, it can be used to produce fake evidence",-- / 0,,"Yeah, maybe I'm not sure",-- / 0,,yes,-- / 0,,you have mentioned the use in the above question,-- / 0,,producing false evidence,-- / 0,
7.00 / 10,I am moderately aware.,-- / 0,,Yes,1.00 / 1,,I am moderately aware,-- / 0,,No,0.00 / 1,,I am not aware,-- / 0,,No,0.00 / 1,,I am not aware,-- / 0,,Yes,1.00 / 1,,I am moderately aware,-- / 0,,No,1.00 / 1,,I am moderately aware,-- / 0,,Yes,0.00 / 1,,I am not aware,-- / 0,,Yes,1.00 / 1,,I am not aware,-- / 0,,Yes,1.00 / 1,,I am not aware,-- / 0,,No,1.00 / 1,,I am not aware,-- / 0,,No,1.00 / 1,,Yes cause it can cause many security issues on personal level to Nation level.,-- / 0,,"It can be used to shoot stunts, dangerous acts, which can be harmful for actors to perform.",-- / 0,,"Yes, it is very interesting way for everyone to learn about historical figures.",-- / 0,,"It is cost effective, safety for human life.",-- / 0,,Yes,-- / 0,
7.00 / 10,I am moderately aware.,-- / 0,,No,0.00 / 1,,I am moderately aware,-- / 0,,Yes,1.00 / 1,,I am moderately aware,-- / 0,,Yes,1.00 / 1,,I am moderately aware,-- / 0,,Yes,1.00 / 1,,I am moderately aware,-- / 0,,Yes,0.00 / 1,,I am highly aware,-- / 0,,No,1.00 / 1,,I am moderately aware,-- / 0,,Yes,1.00 / 1,,I am moderately aware,-- / 0,,Yes,1.00 / 1,,I am highly aware,-- / 0,,No,1.00 / 1,,I am highly aware.,-- / 0,,Yes,0.00 / 1,,"Yes, deepfake technology should be legally regulated to prevent misuse, protect privacy, and stop misinformation.",-- / 0,,"Deepfake technology can be ethically used in entertainment, education, and accessibility—like movies, historical recreations, or teaching—if users are clearly informed and it serves a positive societal purpose.",-- / 0,,"Yes, deepfake technology can be a powerful tool for creativity and innovation—like bringing historical figures to life in classrooms, enhancing storytelling in films, or creating realistic simulations for training.

The line between ethical and unethical use is drawn based on consent, transparency, and intent:

Ethical: Clearly informing viewers, using it for education, art, or accessibility, and not harming anyone’s reputation.

Unethical: Deceiving people, spreading false information, or creating content without someone’s consent that could harm them.

In short, if it respects people and serves a positive purpose, it’s ethical; if it deceives or harms, it’s not.",-- / 0,,"Deepfakes can enhance education, entertainment, and accessibility, like showing historical figures teaching or bringing actors to life in films. They also allow realistic simulations for training and personalized content ethically.",-- / 0,,"Some serious negative consequences of deepfakes include spreading misinformation, damaging reputations, and committing fraud.
Example: Creating a fake video of a politician making controversial statements can mislead the public, or making non-consensual explicit content can harm someone personally and professionally",-- / 0,
8.00 / 10,I am moderately aware.,-- / 0,,No,0.00 / 1,,I am moderately aware,-- / 0,,Yes,1.00 / 1,,I am moderately aware,-- / 0,,Yes,1.00 / 1,,I am moderately aware,-- / 0,,Yes,1.00 / 1,,I am moderately aware,-- / 0,,No,1.00 / 1,,I am moderately aware,-- / 0,,No,1.00 / 1,,I am moderately aware,-- / 0,,Yes,1.00 / 1,,I am not aware,-- / 0,,No,0.00 / 1,,I am moderately aware,-- / 0,,No,1.00 / 1,,I am moderately aware,-- / 0,,No,1.00 / 1,,yes it should be regulated as it maybe misuse many times,-- / 0,,in education i think deepfake can be ethically else it should not as in politics someone can portrait prime minister can say false message to the world.,-- / 0,,"Yes, deepfake technology can be used creatively and innovatively in films and education, bringing historical figures to life or enhancing storytelling, but ethical boundaries are crucial. The line between ethical and unethical use is drawn based on consent, intent, and impact: ethical use involves clear consent and a positive intent, such as educational or artistic expression. Unethical use occurs when deepfakes are created without consent, are used for malicious purposes like misinformation or fraud, or cause harm to individuals' reputations or relationships",-- / 0,,"Deepfakes offer advantages in fields like media production, where they can create complex scenes with digital actors and bring historical figures back to life for artistic or educational purposes. In education, they can develop engaging historical re-enactments or language tools. For cybersecurity, deepfakes can generate synthetic data to protect original information or mislead attackers. ",-- / 0,,"Serious negative consequences of deepfakes include the spread of disinformation and propaganda, causing political instability and eroding public trust. They enable financial fraud and identity theft, such as impersonating executives to defraud companies or stealing personal financial information. ",-- / 0,
7.00 / 10,I am highly aware.,-- / 0,,No,0.00 / 1,,I am highly aware.,-- / 0,,Yes,1.00 / 1,,I am highly aware,-- / 0,,Yes,1.00 / 1,,I am not aware,-- / 0,,No,0.00 / 1,,I am highly aware,-- / 0,,No,1.00 / 1,,I am highly aware,-- / 0,,No,1.00 / 1,,I am moderately aware,-- / 0,,No,0.00 / 1,,I am not aware,-- / 0,,Yes,1.00 / 1,,I am not aware,-- / 0,,No,1.00 / 1,,I am not aware,-- / 0,,No,1.00 / 1,,It should not be regulated as it is bound to spread misinformation and cause widespread confusion about credibility of information,-- / 0,,Using deepfake for audio in animations can be a useful usage if known in advance,-- / 0,,"Enhancing storytelling can be interesting way to use deepfake, but bringing back historical figures might not be very ethical",-- / 0,,Cutting costs is creating creative content,-- / 0,,Spread of misinformation among general masses and widespread confussion,-- / 0,
6.00 / 10,I am highly aware.,-- / 0,,Yes,1.00 / 1,,I am highly aware.,-- / 0,,No,0.00 / 1,,I am highly aware,-- / 0,,Yes,1.00 / 1,,I am not aware,-- / 0,,No,0.00 / 1,,I am highly aware,-- / 0,,No,1.00 / 1,,I am highly aware,-- / 0,,No,1.00 / 1,,I am not aware,-- / 0,,Yes,1.00 / 1,,I am not aware,-- / 0,,No,0.00 / 1,,I am not aware,-- / 0,,No,1.00 / 1,,I am not aware,-- / 0,,Yes,0.00 / 1,,Yes I think it should be regulated,-- / 0,,It can be used for entertainment for eg there is a movie shoot and you dont have that much budget you can use a model's deepfake after his/her permission ,-- / 0,,Yes... using it for obscene stuff is intolerable,-- / 0,,It can be used for entertainment for eg there is a movie shoot and you dont have that much budget you can use a model's deepfake after his/her permission. It can be used for students to teach history in a animated way,-- / 0,,If we used it for generating false evidences in court cases,-- / 0,
6.00 / 10,I am highly aware.,-- / 0,,Yes,1.00 / 1,,I am highly aware.,-- / 0,,Yes,1.00 / 1,,I am highly aware,-- / 0,,Yes,1.00 / 1,,I am moderately aware,-- / 0,,No,0.00 / 1,,I am highly aware,-- / 0,,No,1.00 / 1,,I am highly aware,-- / 0,,No,1.00 / 1,,I am moderately aware,-- / 0,,No,0.00 / 1,,I am moderately aware,-- / 0,,No,0.00 / 1,,I am moderately aware,-- / 0,,No,1.00 / 1,,I am moderately aware,-- / 0,,Yes,0.00 / 1,,"Yes, It could be used for illegal activities if left unregulated.",-- / 0,,"Content creation, enternainment",-- / 0,,"Yes, The line is drawn when it is used for slander or misuse of these educational purposes.",-- / 0,,In content creation and educational purposes. As mentioned above it can be used to bring historic figures to life and simulate their behavior.,-- / 0,,"Loss of originality of content, Content creation becomes bland. If used inappropriately, It becomes a security risk especially for celebrities.",-- / 0,
5.00 / 10,I am moderately aware.,-- / 0,,No,0.00 / 1,,I am moderately aware,-- / 0,,No,0.00 / 1,,I am moderately aware,-- / 0,,Yes,1.00 / 1,,I am moderately aware,-- / 0,,Yes,1.00 / 1,,I am moderately aware,-- / 0,,No,1.00 / 1,,I am moderately aware,-- / 0,,No,1.00 / 1,,I am moderately aware,-- / 0,,No,0.00 / 1,,I am moderately aware,-- / 0,,Yes,1.00 / 1,,I am moderately aware,-- / 0,,Yes,0.00 / 1,,I am moderately aware,-- / 0,,Yes,0.00 / 1,,yes it should be regulated as it is very powerfull,-- / 0,,deepfakes can be used to promote social harmony or we can use it to create personalized messages by celebrities ,-- / 0,,yeah it can be used to bring back for eg Einstein so as to generate curiosity in school children,-- / 0,,can be used on historical figures like Einstein to teach school children ,-- / 0,,it can be used to create questionable videos,-- / 0,
7.00 / 10,I am highly aware.,-- / 0,,Yes,1.00 / 1,,I am moderately aware,-- / 0,,Yes,1.00 / 1,,I am moderately aware,-- / 0,,No,0.00 / 1,,I am not aware,-- / 0,,No,0.00 / 1,,I am highly aware,-- / 0,,No,1.00 / 1,,I am moderately aware,-- / 0,,No,1.00 / 1,,I am moderately aware,-- / 0,,Yes,1.00 / 1,,I am moderately aware,-- / 0,,No,0.00 / 1,,I am moderately aware,-- / 0,,No,1.00 / 1,,I am not aware,-- / 0,,No,1.00 / 1,,"Yes, otherwise anyone can use fake videos and defame anyone.",-- / 0,,"for entertainment purposes such as videos, movies, etc",-- / 0,,yes. unethical use is the defamation of anyone using this technology. otherwise it is ethical.,-- / 0,,in movies.,-- / 0,,defamation of someone or spreading of false information.,-- / 0,
5.00 / 10,I am moderately aware.,-- / 0,,Yes,1.00 / 1,,I am moderately aware,-- / 0,,No,0.00 / 1,,I am moderately aware,-- / 0,,Yes,1.00 / 1,,I am moderately aware,-- / 0,,No,0.00 / 1,,I am highly aware,-- / 0,,Yes,0.00 / 1,,I am highly aware,-- / 0,,No,1.00 / 1,,I am not aware,-- / 0,,No,0.00 / 1,,I am moderately aware,-- / 0,,Yes,1.00 / 1,,I am not aware,-- / 0,,No,1.00 / 1,,I am not aware,-- / 0,,Yes,0.00 / 1,,"eYes.Even by the genral ouiblic, there is no utility because of the ill and misleading side effects to the society.",-- / 0,,no situation. not even education,-- / 0,,"no, better way is to enhance the teaching skills in school",-- / 0,,i can't think,-- / 0,,"Misleading content, increasing frauds",-- / 0,
8.00 / 10,I am highly aware.,-- / 0,,No,0.00 / 1,,I am highly aware.,-- / 0,,Yes,1.00 / 1,,I am moderately aware,-- / 0,,Yes,1.00 / 1,,I am highly aware,-- / 0,,Yes,1.00 / 1,,I am highly aware,-- / 0,,No,1.00 / 1,,I am highly aware,-- / 0,,Yes,0.00 / 1,,I am not aware,-- / 0,,Yes,1.00 / 1,,I am not aware,-- / 0,,Yes,1.00 / 1,,I am highly aware,-- / 0,,No,1.00 / 1,,I am highly aware.,-- / 0,,No,1.00 / 1,,"yes, unparallelled amount of propaganda and false news will be spread through this mean and as ai gets better and better it makes it insanely difficult for the consumer to identify whats real and whats fake",-- / 0,,deepfakes can be used in activities which require fictional creation. This will benefit both the consumer and producer.,-- / 0,,yes. it's ethical unless the deepfake is used to spread ideas and thoughts not created by the historical figures.,-- / 0,,no,-- / 0,,"politics and fake propaganda.
false allegations on people etc",-- / 0,
6.00 / 10,I am highly aware.,-- / 0,,Yes,1.00 / 1,,i am not aware,-- / 0,,No,0.00 / 1,,I am moderately aware,-- / 0,,Yes,1.00 / 1,,I am moderately aware,-- / 0,,No,0.00 / 1,,I am moderately aware,-- / 0,,No,1.00 / 1,,I am moderately aware,-- / 0,,No,1.00 / 1,,I am not aware,-- / 0,,Yes,1.00 / 1,,I am not aware,-- / 0,,No,0.00 / 1,,I am moderately aware,-- / 0,,No,1.00 / 1,,I am not aware,-- / 0,,Yes,0.00 / 1,,yes its risky,-- / 0,,it cant be used ethically,-- / 0,,no it infringes copyrights,-- / 0,,none,-- / 0,,loss of protection of ip,-- / 0,
4.00 / 10,I am highly aware.,-- / 0,,Yes,1.00 / 1,,I am highly aware.,-- / 0,,No,0.00 / 1,,I am not aware,-- / 0,,Yes,1.00 / 1,,I am not aware,-- / 0,,No,0.00 / 1,,I am highly aware,-- / 0,,Yes,0.00 / 1,,I am highly aware,-- / 0,,Yes,0.00 / 1,,I am not aware,-- / 0,,No,0.00 / 1,,I am moderately aware,-- / 0,,Yes,1.00 / 1,,I am moderately aware,-- / 0,,No,1.00 / 1,,I am not aware,-- / 0,,Yes,0.00 / 1,,"Yes, because it is fake.",-- / 0,,"Politics, education and privacy.",-- / 0,,"Yes. Unless related to private matters and breaches privacy, it should be ok.",-- / 0,,Bettter use of creativity.,-- / 0,,"Privacy invasion, fake profiles.",-- / 0,
7.00 / 10,I am highly aware.,-- / 0,,Yes,1.00 / 1,,I am moderately aware,-- / 0,,No,0.00 / 1,,I am not aware,-- / 0,,Yes,1.00 / 1,,I am not aware,-- / 0,,No,0.00 / 1,,I am moderately aware,-- / 0,,No,1.00 / 1,,I am highly aware,-- / 0,,No,1.00 / 1,,I am moderately aware,-- / 0,,Yes,1.00 / 1,,I am moderately aware,-- / 0,,No,0.00 / 1,,I am not aware,-- / 0,,No,1.00 / 1,,I am moderately aware,-- / 0,,No,1.00 / 1,,"Yes , deepfake technology must be regulated. Reasons are ethics , misuse , impersonation and so on.",-- / 0,,It can be ethically used  in cases like a voice actor who is dead/unavailable etc. ,-- / 0,,"Yes, the line between ethical and unethical is blurred",-- / 0,,"educational purposes, voice acting , image editing etc ",-- / 0,,"misuse , impersonation ",-- / 0,
7.00 / 10,I am moderately aware.,-- / 0,,No,0.00 / 1,,i am not aware,-- / 0,,Yes,1.00 / 1,,I am moderately aware,-- / 0,,No,0.00 / 1,,I am moderately aware,-- / 0,,Yes,1.00 / 1,,I am highly aware,-- / 0,,No,1.00 / 1,,I am highly aware,-- / 0,,No,1.00 / 1,,I am moderately aware,-- / 0,,No,0.00 / 1,,I am not aware,-- / 0,,Yes,1.00 / 1,,I am moderately aware,-- / 0,,No,1.00 / 1,,I am not aware,-- / 0,,No,1.00 / 1,,yes bcz we should know what is real and what is fake,-- / 0,,all,-- / 0,,i don't know,-- / 0,,enntertainment,-- / 0,,"crime,abusing",-- / 0,
6.00 / 10,I am moderately aware.,-- / 0,,Yes,1.00 / 1,,I am moderately aware,-- / 0,,Yes,1.00 / 1,,I am not aware,-- / 0,,No,0.00 / 1,,I am moderately aware,-- / 0,,Yes,1.00 / 1,,I am moderately aware,-- / 0,,No,1.00 / 1,,I am moderately aware,-- / 0,,No,1.00 / 1,,I am not aware,-- / 0,,Yes,1.00 / 1,,I am not aware,-- / 0,,No,0.00 / 1,,I am not aware,-- / 0,,Yes,0.00 / 1,,I am not aware,-- / 0,,Yes,0.00 / 1,,Yes because there can be illegal use of deepfake technology,-- / 0,,"education for blinds, entertainment with lower budget",-- / 0,,Yes it can be a really helpful tool within limits. It should be restricted within the societal limits and should not involve censored content,-- / 0,,Advantages can be easier reach and production at lower costs,-- / 0,,"It  might involve some content which might be abusive, sensitive or illegal which might harm people and their emotions ",-- / 0,
8.00 / 10,I am moderately aware.,-- / 0,,Yes,1.00 / 1,,I am moderately aware,-- / 0,,Yes,1.00 / 1,,I am not aware,-- / 0,,No,0.00 / 1,,I am moderately aware,-- / 0,,Yes,1.00 / 1,,I am moderately aware,-- / 0,,No,1.00 / 1,,I am moderately aware,-- / 0,,No,1.00 / 1,,I am not aware,-- / 0,,Yes,1.00 / 1,,I am not aware,-- / 0,,No,0.00 / 1,,I am not aware,-- / 0,,No,1.00 / 1,,I am not aware,-- / 0,,No,1.00 / 1,,yes it should be regulated by the govt because it is clearly a breach of privacy and can cause serious privacy issues,-- / 0,,deepfake technology can be used in entertainment and education,-- / 0,,yes this can be very useful,-- / 0,,it could be used for educational purposes.,-- / 0,,breach of privacy,-- / 0,
7.00 / 10,I am moderately aware.,-- / 0,,Yes,1.00 / 1,,I am moderately aware,-- / 0,,No,0.00 / 1,,I am not aware,-- / 0,,No,0.00 / 1,,I am moderately aware,-- / 0,,Yes,1.00 / 1,,I am moderately aware,-- / 0,,No,1.00 / 1,,I am moderately aware,-- / 0,,No,1.00 / 1,,I am moderately aware,-- / 0,,Yes,1.00 / 1,,I am moderately aware,-- / 0,,No,0.00 / 1,,I am highly aware,-- / 0,,No,1.00 / 1,,I am not aware,-- / 0,,No,1.00 / 1,,it should not be targeted to personal uses and should have the consent of any content before using anyone.,-- / 0,,education can adopt such technologies so as to make students understand concepts in a better way.,-- / 0,,yes definitely it can use this technology. ,-- / 0,,educational purposes,-- / 0,,"targeting particular nations, blaming with fake clips etc",-- / 0,
8.00 / 10,I am highly aware.,-- / 0,,No,0.00 / 1,,I am moderately aware,-- / 0,,No,0.00 / 1,,I am moderately aware,-- / 0,,Yes,1.00 / 1,,I am moderately aware,-- / 0,,Yes,1.00 / 1,,I am moderately aware,-- / 0,,No,1.00 / 1,,I am moderately aware,-- / 0,,No,1.00 / 1,,I am moderately aware,-- / 0,,Yes,1.00 / 1,,I am moderately aware,-- / 0,,Yes,1.00 / 1,,I am moderately aware,-- / 0,,No,1.00 / 1,,I am moderately aware,-- / 0,,No,1.00 / 1,,Yes because it disturbs the privacy of an individual,-- / 0,,For entertainment by the real man's permission and for education,-- / 0,,"Yes,till the individual person is not concerned",-- / 0,,Education for students by AI ,-- / 0,,Fake nudity revealed of individuals in public,-- / 0,
7.00 / 10,I am highly aware.,-- / 0,,No,0.00 / 1,,I am highly aware.,-- / 0,,No,0.00 / 1,,I am not aware,-- / 0,,Yes,1.00 / 1,,I am not aware,-- / 0,,Yes,1.00 / 1,,I am moderately aware,-- / 0,,No,1.00 / 1,,I am moderately aware,-- / 0,,No,1.00 / 1,,I am not aware,-- / 0,,Yes,1.00 / 1,,I am not aware,-- / 0,,No,0.00 / 1,,I am not aware,-- / 0,,No,1.00 / 1,,I am not aware,-- / 0,,No,1.00 / 1,,"yes, it may be misused",-- / 0,,in entertainment education it is useful,-- / 0,,yes,-- / 0,,it can be used to know a historical,-- / 0,,it may be misused and may blackmail others by using those,-- / 0,
6.00 / 10,I am moderately aware.,-- / 0,,No,0.00 / 1,,I am highly aware.,-- / 0,,Yes,1.00 / 1,,I am not aware,-- / 0,,Yes,1.00 / 1,,I am moderately aware,-- / 0,,Yes,1.00 / 1,,I am highly aware,-- / 0,,No,1.00 / 1,,I am highly aware,-- / 0,,No,1.00 / 1,,I am not aware,-- / 0,,No,0.00 / 1,,I am moderately aware,-- / 0,,Yes,1.00 / 1,,I am moderately aware,-- / 0,,Yes,0.00 / 1,,I am moderately aware,-- / 0,,Yes,0.00 / 1,,yes,-- / 0,,education,-- / 0,,yes,-- / 0,,Bringing historical figures to life for educational purposes and enhancing storytelling in films,-- / 0,,disrupting peace and harmony,-- / 0,
7.00 / 10,I am highly aware.,-- / 0,,Yes,1.00 / 1,,I am highly aware.,-- / 0,,Yes,1.00 / 1,,I am moderately aware,-- / 0,,Yes,1.00 / 1,,I am not aware,-- / 0,,No,0.00 / 1,,I am not aware,-- / 0,,No,1.00 / 1,,I am moderately aware,-- / 0,,No,1.00 / 1,,I am not aware,-- / 0,,No,0.00 / 1,,I am not aware,-- / 0,,Yes,1.00 / 1,,I am not aware,-- / 0,,No,1.00 / 1,,I am not aware,-- / 0,,Yes,0.00 / 1,,Yes,-- / 0,,education,-- / 0,,yes until its too graphic,-- / 0,,educational videos,-- / 0,,"fake branding, entertainers lossing job",-- / 0,
6.00 / 10,I am highly aware.,-- / 0,,No,0.00 / 1,,I am highly aware.,-- / 0,,No,0.00 / 1,,I am not aware,-- / 0,,Yes,1.00 / 1,,I am highly aware,-- / 0,,Yes,1.00 / 1,,I am highly aware,-- / 0,,No,1.00 / 1,,I am highly aware,-- / 0,,No,1.00 / 1,,I am moderately aware,-- / 0,,No,0.00 / 1,,I am highly aware,-- / 0,,Yes,1.00 / 1,,I am highly aware,-- / 0,,No,1.00 / 1,,I am highly aware.,-- / 0,,Yes,0.00 / 1,,"Yes, People may misuse to generate indecent pictures of others or may try to impersonate some other person",-- / 0,,To make movies when actor is injured,-- / 0,,"yes it can, we can make historic personalities come to real life",-- / 0,,"we can make historic personalities come to real life, dead people can talk again",-- / 0,,People may misuse to generate indecent pictures of others or may try to impersonate some other person,-- / 0,
6.00 / 10,I am highly aware.,-- / 0,,Yes,1.00 / 1,,I am highly aware.,-- / 0,,Yes,1.00 / 1,,I am moderately aware,-- / 0,,No,0.00 / 1,,I am moderately aware,-- / 0,,Yes,1.00 / 1,,I am moderately aware,-- / 0,,No,1.00 / 1,,I am highly aware,-- / 0,,No,1.00 / 1,,I am not aware,-- / 0,,Yes,1.00 / 1,,I am moderately aware,-- / 0,,No,0.00 / 1,,I am moderately aware,-- / 0,,Yes,0.00 / 1,,I am moderately aware,-- / 0,,Yes,0.00 / 1,,no because future entertainment will be handled by ai,-- / 0,,no,-- / 0,,no,-- / 0,,yes,-- / 0,,no,-- / 0,
7.00 / 10,I am highly aware.,-- / 0,,Yes,1.00 / 1,,I am highly aware.,-- / 0,,No,0.00 / 1,,I am moderately aware,-- / 0,,Yes,1.00 / 1,,I am moderately aware,-- / 0,,Yes,1.00 / 1,,I am highly aware,-- / 0,,Yes,0.00 / 1,,I am highly aware,-- / 0,,No,1.00 / 1,,I am moderately aware,-- / 0,,No,0.00 / 1,,I am not aware,-- / 0,,Yes,1.00 / 1,,I am not aware,-- / 0,,No,1.00 / 1,,I am not aware,-- / 0,,No,1.00 / 1,,"Yes it should be, it is very powerful and can be used for unethical reasons. It should be highly regulated and put for good use.",-- / 0,,Cant see many good use cases other than entertainment and education. It can be used for making better videos for education.,-- / 0,,"Yes absolutely, that would be an amazing use case. It is ethical as long as the viewpoints being taught from the videos are truthful, non violent, ethical and moral themselves",-- / 0,,the previous use case of using them for bringing historical figures back to life is very interesting.,-- / 0,,"Easy to scam older people, can spread fake content as well",-- / 0,
6.00 / 10,I am moderately aware.,-- / 0,,Yes,1.00 / 1,,I am moderately aware,-- / 0,,No,0.00 / 1,,I am moderately aware,-- / 0,,No,0.00 / 1,,I am not aware,-- / 0,,Yes,1.00 / 1,,I am moderately aware,-- / 0,,No,1.00 / 1,,I am highly aware,-- / 0,,No,1.00 / 1,,I am not aware,-- / 0,,Yes,1.00 / 1,,I am not aware,-- / 0,,No,0.00 / 1,,I am not aware,-- / 0,,No,1.00 / 1,,I am not aware,-- / 0,,Yes,0.00 / 1,,"Yes, as it is very easy to do identity theft.",-- / 0,,recreating famous dead people's personas,-- / 0,,Use without the knowledge of the person or their family,-- / 0,,recreating famous dead people's personas,-- / 0,,"identity theft, defamation",-- / 0,
6.00 / 10,I am moderately aware.,-- / 0,,No,0.00 / 1,,i am not aware,-- / 0,,Yes,1.00 / 1,,I am not aware,-- / 0,,No,0.00 / 1,,I am not aware,-- / 0,,Yes,1.00 / 1,,I am not aware,-- / 0,,No,1.00 / 1,,I am not aware,-- / 0,,No,1.00 / 1,,I am not aware,-- / 0,,No,0.00 / 1,,I am not aware,-- / 0,,Yes,1.00 / 1,,I am not aware,-- / 0,,No,1.00 / 1,,I am not aware,-- / 0,,Yes,0.00 / 1,,"yes, it can lead to misconceptions",-- / 0,,to detect if the websites/social media people are to are really true or just fake,-- / 0,,yes,-- / 0,,for entertainment,-- / 0,,can trap people into some money trap,-- / 0,
8.00 / 10,I am highly aware.,-- / 0,,No,0.00 / 1,,I am highly aware.,-- / 0,,No,0.00 / 1,,I am not aware,-- / 0,,Yes,1.00 / 1,,I am highly aware,-- / 0,,Yes,1.00 / 1,,I am highly aware,-- / 0,,No,1.00 / 1,,I am highly aware,-- / 0,,No,1.00 / 1,,I am highly aware,-- / 0,,Yes,1.00 / 1,,I am highly aware,-- / 0,,Yes,1.00 / 1,,I am not aware,-- / 0,,No,1.00 / 1,,I am highly aware.,-- / 0,,No,1.00 / 1,,Yes surely,-- / 0,,"When there is an emergency to deliver a speech by prime minister, they can use deepfake to announce the speech,but it should be done by official people",-- / 0,,"Yes, it can be used for ethical ways like bringing back your loved ones back to life. Only those deepfakes which are publicly spread should be concerning and must be regulated",-- / 0,,Bringing back our loved ones back and chatting with them in real time,-- / 0,,Spreading misinformation and blackmailing,-- / 0,
4.00 / 10,I am moderately aware.,-- / 0,,Yes,1.00 / 1,,I am highly aware.,-- / 0,,No,0.00 / 1,,I am not aware,-- / 0,,No,0.00 / 1,,I am not aware,-- / 0,,No,0.00 / 1,,I am highly aware,-- / 0,,No,1.00 / 1,,I am moderately aware,-- / 0,,Yes,0.00 / 1,,I am not aware,-- / 0,,Yes,1.00 / 1,,I am not aware,-- / 0,,No,0.00 / 1,,I am not aware,-- / 0,,No,1.00 / 1,,I am not aware,-- / 0,,Yes,0.00 / 1,,no,-- / 0,,yes,-- / 0,,ethical,-- / 0,,yes,-- / 0,,yes,-- / 0,
8.00 / 10,I am moderately aware.,-- / 0,,Yes,1.00 / 1,,I am moderately aware,-- / 0,,Yes,1.00 / 1,,I am moderately aware,-- / 0,,Yes,1.00 / 1,,I am moderately aware,-- / 0,,Yes,1.00 / 1,,I am moderately aware,-- / 0,,No,1.00 / 1,,I am moderately aware,-- / 0,,No,1.00 / 1,,I am moderately aware,-- / 0,,Yes,1.00 / 1,,I am moderately aware,-- / 0,,No,0.00 / 1,,I am moderately aware,-- / 0,,No,1.00 / 1,,I am moderately aware,-- / 0,,Yes,0.00 / 1,,"Yes, it should be regulated as people might misuse it for phishing or such illegal activities by impersonating someone.",-- / 0,,"It can be used for educational content creation, to improve accessibility via personalized translations and enhance visual effects in movies",-- / 0,,"Yes, it can be used. Tt is ethical if it is used to help someone, otherwise it is unethical.",-- / 0,,For people who miss their family members can hear their voices again using deepfakes.,-- / 0,,Phishing or impersonating someone while writing an online exam are some serious consequences of using deepfakes.,-- / 0,
6.00 / 10,I am moderately aware.,-- / 0,,Yes,1.00 / 1,,i am not aware,-- / 0,,No,0.00 / 1,,I am not aware,-- / 0,,Yes,1.00 / 1,,I am not aware,-- / 0,,No,0.00 / 1,,I am moderately aware,-- / 0,,No,1.00 / 1,,I am moderately aware,-- / 0,,No,1.00 / 1,,I am not aware,-- / 0,,No,0.00 / 1,,I am not aware,-- / 0,,Yes,1.00 / 1,,I am not aware,-- / 0,,No,1.00 / 1,,I am not aware,-- / 0,,Yes,0.00 / 1,,Yes as it can easily be misused causing harm to a person's image and social standing also might cause violence and other problems in extreme cases,-- / 0,,entertainment and education to promote learning and entertainment,-- / 0,,"yes ,as long as it is not misused to do miscreant work",-- / 0,,education to help students to visualize certain things without having to put manhours behind it,-- / 0,,by masquerading as an famous personality,-- / 0,
7.00 / 10,I am highly aware.,-- / 0,,Yes,1.00 / 1,,I am highly aware.,-- / 0,,No,0.00 / 1,,I am highly aware,-- / 0,,Yes,1.00 / 1,,I am highly aware,-- / 0,,Yes,1.00 / 1,,I am highly aware,-- / 0,,No,1.00 / 1,,I am highly aware,-- / 0,,No,1.00 / 1,,I am not aware,-- / 0,,No,0.00 / 1,,I am not aware,-- / 0,,Yes,1.00 / 1,,I am not aware,-- / 0,,No,1.00 / 1,,I am not aware,-- / 0,,Yes,0.00 / 1,,"Yes, to prevent harmful use by apps that target people, especially women to extort or humiliate them",-- / 0,,Remaking classic movies with new-age actors,-- / 0,,Yes. It depends on whether the person in the deepfake consents/would have consented (in the case of dead figures) to the use of their likeness.,-- / 0,,"Saves production time in movie production, can be used to recreate historical moments for educational purposes. ",-- / 0,,"If deepfakes are too realistic, eventually video evidence or audio evidence will become inadmissible in court, which can seriously hamper the justice system",-- / 0,
9.00 / 10,I am moderately aware.,-- / 0,,Yes,1.00 / 1,,I am highly aware.,-- / 0,,Yes,1.00 / 1,,I am not aware,-- / 0,,Yes,1.00 / 1,,I am moderately aware,-- / 0,,Yes,1.00 / 1,,I am moderately aware,-- / 0,,No,1.00 / 1,,I am moderately aware,-- / 0,,No,1.00 / 1,,I am moderately aware,-- / 0,,Yes,1.00 / 1,,I am moderately aware,-- / 0,,Yes,1.00 / 1,,I am moderately aware,-- / 0,,Yes,0.00 / 1,,I am moderately aware,-- / 0,,No,1.00 / 1,,my opinion doesn't matter,-- / 0,,in entertainment purpose only,-- / 0,,yes,-- / 0,,it can be used for entertainment,-- / 0,,i don't thnk that there are some disadvantage,-- / 0,
8.00 / 10,I am highly aware.,-- / 0,,No,0.00 / 1,,i am not aware,-- / 0,,Yes,1.00 / 1,,I am moderately aware,-- / 0,,Yes,1.00 / 1,,I am not aware,-- / 0,,Yes,1.00 / 1,,I am not aware,-- / 0,,No,1.00 / 1,,I am moderately aware,-- / 0,,No,1.00 / 1,,I am not aware,-- / 0,,Yes,1.00 / 1,,I am not aware,-- / 0,,Yes,1.00 / 1,,I am not aware,-- / 0,,No,1.00 / 1,,I am not aware,-- / 0,,Yes,0.00 / 1,,"Yes, I do believe that deepfake technology should be regulate day the law. This is because of the fact that people could misuse the technology, like the recent incident with Taylor swift, and thus it should be regulated.",-- / 0,,"It can be used as a creative tool, like bringing back historical figures and among other things. However there arises a question, is it valid to do such a thing given the fact that we do not have their consent. The only thing I would agree with, is using deepfakes only when there is consent.",-- / 0,,"Yes, it can be. The line is drawn when it's misused. Like making an ad using those figures might not necessarily be right, because we are using them. for our profit,\.",-- / 0,,advantages could be creative control.,-- / 0,,1) misuse like the Taylor swift incident,-- / 0,
7.00 / 10,I am moderately aware.,-- / 0,,Yes,1.00 / 1,,I am moderately aware,-- / 0,,Yes,1.00 / 1,,I am moderately aware,-- / 0,,Yes,1.00 / 1,,I am not aware,-- / 0,,No,0.00 / 1,,I am moderately aware,-- / 0,,No,1.00 / 1,,I am moderately aware,-- / 0,,No,1.00 / 1,,I am not aware,-- / 0,,No,0.00 / 1,,I am not aware,-- / 0,,Yes,1.00 / 1,,I am not aware,-- / 0,,No,1.00 / 1,,I am not aware,-- / 0,,Yes,0.00 / 1,,yes.its not a good thing,-- / 0,,i dont think it should be used ethically also,-- / 0,,everything is unethical,-- / 0,,no advantages,-- / 0,,could destroy someones life,-- / 0,
6.00 / 10,I am highly aware.,-- / 0,,No,0.00 / 1,,I am moderately aware,-- / 0,,Yes,1.00 / 1,,I am not aware,-- / 0,,No,0.00 / 1,,I am moderately aware,-- / 0,,Yes,1.00 / 1,,I am highly aware,-- / 0,,No,1.00 / 1,,I am highly aware,-- / 0,,No,1.00 / 1,,I am moderately aware,-- / 0,,No,0.00 / 1,,I am moderately aware,-- / 0,,No,0.00 / 1,,I am moderately aware,-- / 0,,No,1.00 / 1,,I am not aware,-- / 0,,No,1.00 / 1,,YES. Because it leads to fraudulent practices.,-- / 0,,In education.,-- / 0,,Ethical usage is for educational purposes as mentioned in the question but unethical usage is when deepfake is used to mimic people and use their faces for committing a crime.,-- / 0,,EXAMPLE: IN EDUCATIONAL PURPOSES BY BRINGING HISTORICAL FIGURES TO LIFE.,-- / 0,,There can be negative consequences because deepfakes can be used to access the faces of individuals or their voices and can be illegally used for committing crimes.,-- / 0,
9.00 / 10,I am moderately aware.,-- / 0,,Yes,1.00 / 1,,I am moderately aware,-- / 0,,Yes,1.00 / 1,,I am moderately aware,-- / 0,,Yes,1.00 / 1,,I am moderately aware,-- / 0,,Yes,1.00 / 1,,I am moderately aware,-- / 0,,No,1.00 / 1,,I am highly aware,-- / 0,,No,1.00 / 1,,I am moderately aware,-- / 0,,No,0.00 / 1,,I am moderately aware,-- / 0,,Yes,1.00 / 1,,I am highly aware,-- / 0,,No,1.00 / 1,,I am moderately aware,-- / 0,,No,1.00 / 1,,No. It breaches others' privacy. ,-- / 0,,For movies to portray a fictional character.,-- / 0,,Yes. If the consent of the person is considered.,-- / 0,,For creative or innovative uses.,-- / 0,,Invading privacy.,-- / 0,
6.00 / 10,I am moderately aware.,-- / 0,,No,0.00 / 1,,I am moderately aware,-- / 0,,No,0.00 / 1,,I am moderately aware,-- / 0,,Yes,1.00 / 1,,I am moderately aware,-- / 0,,Yes,1.00 / 1,,I am moderately aware,-- / 0,,No,1.00 / 1,,I am moderately aware,-- / 0,,Yes,0.00 / 1,,I am moderately aware,-- / 0,,Yes,1.00 / 1,,I am moderately aware,-- / 0,,Yes,1.00 / 1,,I am moderately aware,-- / 0,,No,1.00 / 1,,I am moderately aware,-- / 0,,Yes,0.00 / 1,,yes,-- / 0,,no,-- / 0,,yes,-- / 0,,no ,-- / 0,,nothing,-- / 0,
6.00 / 10,I am highly aware.,-- / 0,,Yes,1.00 / 1,,I am moderately aware,-- / 0,,No,0.00 / 1,,I am not aware,-- / 0,,No,0.00 / 1,,I am not aware,-- / 0,,No,0.00 / 1,,I am highly aware,-- / 0,,No,1.00 / 1,,I am highly aware,-- / 0,,No,1.00 / 1,,I am not aware,-- / 0,,Yes,1.00 / 1,,I am not aware,-- / 0,,Yes,1.00 / 1,,I am not aware,-- / 0,,No,1.00 / 1,,I am not aware,-- / 0,,Yes,0.00 / 1,,"Yes, many celebreties might face problem",-- / 0,,"By movie productions for entertainment,actor's workload will be reduced",-- / 0,,Yes.Celebreties pics should not be misused.,-- / 0,,"In education,entertainment. ",-- / 0,,Celebreties pics might be misused,-- / 0,
8.00 / 10,I am moderately aware.,-- / 0,,Yes,1.00 / 1,,I am moderately aware,-- / 0,,No,0.00 / 1,,I am moderately aware,-- / 0,,Yes,1.00 / 1,,I am moderately aware,-- / 0,,Yes,1.00 / 1,,I am moderately aware,-- / 0,,No,1.00 / 1,,I am moderately aware,-- / 0,,No,1.00 / 1,,I am moderately aware,-- / 0,,Yes,1.00 / 1,,I am moderately aware,-- / 0,,Yes,1.00 / 1,,I am moderately aware,-- / 0,,No,1.00 / 1,,I am moderately aware,-- / 0,,Yes,0.00 / 1,,"Yes, it would reduce spreading of fake information",-- / 0,,entertainment,-- / 0,,Yes.,-- / 0,,fake photos of celebrites,-- / 0,,"people not liking it
",-- / 0,
7.00 / 10,I am highly aware.,-- / 0,,Yes,1.00 / 1,,I am moderately aware,-- / 0,,Yes,1.00 / 1,,I am not aware,-- / 0,,No,0.00 / 1,,I am highly aware,-- / 0,,Yes,1.00 / 1,,I am highly aware,-- / 0,,No,1.00 / 1,,I am highly aware,-- / 0,,No,1.00 / 1,,I am highly aware,-- / 0,,No,0.00 / 1,,I am not aware,-- / 0,,Yes,1.00 / 1,,I am not aware,-- / 0,,No,1.00 / 1,,I am not aware,-- / 0,,Yes,0.00 / 1,,"Yes . It can be misused in many ways , like making political statements ",-- / 0,,can be used in education,-- / 0,,yes . Line should be drawn to promoting fake agendas by portraying those figures,-- / 0,,In education . Like making the person who discovered the stuff explaining the thing he discovered,-- / 0,,People misuse it in a way they are not suppposed to like making illegal videos and stuff,-- / 0,
6.00 / 10,I am not aware.,-- / 0,,Yes,1.00 / 1,,i am not aware,-- / 0,,No,0.00 / 1,,I am not aware,-- / 0,,Yes,1.00 / 1,,I am not aware,-- / 0,,No,0.00 / 1,,I am not aware,-- / 0,,No,1.00 / 1,,I am moderately aware,-- / 0,,No,1.00 / 1,,I am not aware,-- / 0,,Yes,1.00 / 1,,I am not aware,-- / 0,,No,0.00 / 1,,I am not aware,-- / 0,,Yes,0.00 / 1,,I am not aware,-- / 0,,No,1.00 / 1,,yes. deepfake can be manipulated to dpread misinformation or defame people.,-- / 0,,It can be used in entertainment if the person has given his consent and is aware of the video will portray him.,-- / 0,,yes it can be used in such a way but it should be regulated to not spread misinformation.,-- / 0,,Some advantages can be in entertainment industry such as de aging and it can be used to enact histrorically significant events.,-- / 0,,Negative consequences of deepfake are misinfromation and defamation,-- / 0,
8.00 / 10,I am highly aware.,-- / 0,,Yes,1.00 / 1,,I am highly aware.,-- / 0,,No,0.00 / 1,,I am not aware,-- / 0,,Yes,1.00 / 1,,I am not aware,-- / 0,,No,0.00 / 1,,I am moderately aware,-- / 0,,No,1.00 / 1,,I am moderately aware,-- / 0,,No,1.00 / 1,,I am not aware,-- / 0,,Yes,1.00 / 1,,I am not aware,-- / 0,,Yes,1.00 / 1,,I am not aware,-- / 0,,No,1.00 / 1,,I am not aware,-- / 0,,No,1.00 / 1,,Yes it should be. It can be used for many illegal purposes such as faking someone.,-- / 0,,for education purposes some famous personality can be shown teaching kids which helps them remember things easily,-- / 0,,"this is possible, infact it is a good idea to use deepfake technology this way",-- / 0,,i cant think of any right now,-- / 0,,using deepfakes without permission or consent is an attack on the identity of the person and can cause serious mental harm,-- / 0,
7.00 / 10,I am highly aware.,-- / 0,,Yes,1.00 / 1,,I am moderately aware,-- / 0,,Yes,1.00 / 1,,I am not aware,-- / 0,,No,0.00 / 1,,I am not aware,-- / 0,,Yes,1.00 / 1,,I am moderately aware,-- / 0,,No,1.00 / 1,,I am moderately aware,-- / 0,,No,1.00 / 1,,I am not aware,-- / 0,,No,0.00 / 1,,I am not aware,-- / 0,,Yes,1.00 / 1,,I am not aware,-- / 0,,Yes,0.00 / 1,,I am not aware,-- / 0,,No,1.00 / 1,,"It should definitely be regulated by law because as this technology improves it gets harder and harder to differentiate the fake from real. This might result in massive issues like CCTV, video, audio evidence etc might be tampered with using this and it can also be used to spread tons of misinformation on online platforms.",-- / 0,,"Sure, in such cases deepfakes work when everyone knows that its not real, for example in the entertainment sector there can be a gameshow which is based off of this ""AI or not AI"". Politics and education is a dicey topic because misinformation will be extremely easy to spread using deepfakes there, so I would think that its better to avoid deepfake technology in those cases.",-- / 0,,"Yeah this does seem like a good application of deepfake technology and it could help in capturing the attention of the students, but I still feel this should be regulated because if the teacher is biased then they can add subtle differences to propagate their opinion. ",-- / 0,,"Entertainment, education(regulated) ",-- / 0,,Spread of misinformation on social media,-- / 0,
8.00 / 10,I am not aware.,-- / 0,,Yes,1.00 / 1,,i am not aware,-- / 0,,Yes,1.00 / 1,,I am not aware,-- / 0,,Yes,1.00 / 1,,I am not aware,-- / 0,,Yes,1.00 / 1,,I am not aware,-- / 0,,No,1.00 / 1,,I am not aware,-- / 0,,Yes,0.00 / 1,,I am not aware,-- / 0,,Yes,1.00 / 1,,I am not aware,-- / 0,,No,0.00 / 1,,I am not aware,-- / 0,,No,1.00 / 1,,I am not aware,-- / 0,,No,1.00 / 1,,"yes, it can lead to wrong accusations for a good person",-- / 0,,"it can be used for educational and recreational purposes. for teaching, showing beautiful scenery , funny scenes etc.",-- / 0,,"yes , it can. it is ethical upto the point where it doesnt hurt any body,or the historical figure is insulted in any way",-- / 0,,"it can be used to show some events which happened it the past , and is difficult to express/describe",-- / 0,,people being acccused of things they never did,-- / 0,
6.00 / 10,I am moderately aware.,-- / 0,,No,0.00 / 1,,i am not aware,-- / 0,,Yes,1.00 / 1,,I am not aware,-- / 0,,No,0.00 / 1,,I am not aware,-- / 0,,Yes,1.00 / 1,,I am not aware,-- / 0,,No,1.00 / 1,,I am not aware,-- / 0,,Yes,0.00 / 1,,I am not aware,-- / 0,,No,0.00 / 1,,I am not aware,-- / 0,,Yes,1.00 / 1,,I am not aware,-- / 0,,No,1.00 / 1,,I am not aware,-- / 0,,No,1.00 / 1,,"yes , many career options will get eradicated like singing , modeling etc.",-- / 0,,for content creation,-- / 0,,yes,-- / 0,,visualisation,-- / 0,,already told  in 1st que,-- / 0,
7.00 / 10,I am not aware.,-- / 0,,Yes,1.00 / 1,,i am not aware,-- / 0,,No,0.00 / 1,,I am not aware,-- / 0,,Yes,1.00 / 1,,I am not aware,-- / 0,,Yes,1.00 / 1,,I am not aware,-- / 0,,No,1.00 / 1,,I am not aware,-- / 0,,No,1.00 / 1,,I am not aware,-- / 0,,Yes,1.00 / 1,,I am not aware,-- / 0,,No,0.00 / 1,,I am not aware,-- / 0,,No,1.00 / 1,,I am not aware,-- / 0,,Yes,0.00 / 1,,"Yes, certainly it needs to be regulated. It could lead to misinformation, misconceptions and even defamation of individuals",-- / 0,,"Yes, informing users beforehand is the best option.",-- / 0,,"Yes, but by respecting the boundaries of the individuals. Only using it for associating it with their own image. It should not be something that the person would not want to project to the society",-- / 0,,"As suggested by the form before, it could help bring historical figures to life and enhance storytelling and all.",-- / 0,,Using deepfakes to mislead people into thinking a particular set of sentences was said by an individual to promote fake propaganda and stuff.,-- / 0,
6.00 / 10,I am highly aware.,-- / 0,,No,0.00 / 1,,I am moderately aware,-- / 0,,No,0.00 / 1,,I am not aware,-- / 0,,Yes,1.00 / 1,,I am not aware,-- / 0,,Yes,1.00 / 1,,I am highly aware,-- / 0,,No,1.00 / 1,,I am moderately aware,-- / 0,,No,1.00 / 1,,I am not aware,-- / 0,,Yes,1.00 / 1,,I am moderately aware,-- / 0,,No,0.00 / 1,,I am not aware,-- / 0,,Yes,0.00 / 1,,I am moderately aware,-- / 0,,No,1.00 / 1,,yes it should be regulated because people can misuse deepfake technology and blackmail other,-- / 0,,used in promoting equality and unity,-- / 0,,yes it can be used in research,-- / 0,,promoting equality and research perspective,-- / 0,,blackmailing ,-- / 0,
7.00 / 10,I am moderately aware.,-- / 0,,Yes,1.00 / 1,,I am moderately aware,-- / 0,,No,0.00 / 1,,I am highly aware,-- / 0,,Yes,1.00 / 1,,I am not aware,-- / 0,,Yes,1.00 / 1,,I am moderately aware,-- / 0,,No,1.00 / 1,,I am moderately aware,-- / 0,,No,1.00 / 1,,I am moderately aware,-- / 0,,Yes,1.00 / 1,,I am not aware,-- / 0,,No,0.00 / 1,,I am moderately aware,-- / 0,,No,1.00 / 1,,I am not aware,-- / 0,,Yes,0.00 / 1,,Yes as it has very dire consequences,-- / 0,,It can be used to cast dead actors in movies who fans love,-- / 0,,yes,-- / 0,,Deepfakes can be used in entertainment,-- / 0,,Can be used defame a person and spread misinformation,-- / 0,
9.00 / 10,I am highly aware.,-- / 0,,Yes,1.00 / 1,,I am highly aware.,-- / 0,,Yes,1.00 / 1,,I am highly aware,-- / 0,,Yes,1.00 / 1,,I am highly aware,-- / 0,,Yes,1.00 / 1,,I am not aware,-- / 0,,No,1.00 / 1,,I am not aware,-- / 0,,No,1.00 / 1,,I am not aware,-- / 0,,Yes,1.00 / 1,,I am not aware,-- / 0,,Yes,1.00 / 1,,I am not aware,-- / 0,,No,1.00 / 1,,I am not aware,-- / 0,,Yes,0.00 / 1,,Yes . Because it breaches the privacy of the people whose faces are being used without their permission . It should be regulated by the government for these purposes . ,-- / 0,,For social awareness . For reaching out to mass people through one voice which everyone will listen . ,-- / 0,,Yes it should be introduced for educational purposes so that children's learning becomes more enhanced . ,-- / 0,,Breaching of privacy of people . ,-- / 0,,.....,-- / 0,
5.00 / 10,I am moderately aware.,-- / 0,,No,0.00 / 1,,i am not aware,-- / 0,,No,0.00 / 1,,I am not aware,-- / 0,,No,0.00 / 1,,I am not aware,-- / 0,,Yes,1.00 / 1,,I am moderately aware,-- / 0,,No,1.00 / 1,,I am moderately aware,-- / 0,,No,1.00 / 1,,I am not aware,-- / 0,,No,0.00 / 1,,I am not aware,-- / 0,,Yes,1.00 / 1,,I am not aware,-- / 0,,Yes,0.00 / 1,,I am not aware,-- / 0,,No,1.00 / 1,,Deepfake should be regulated because it invades the privacy of people and uses the people's face or voice to create fake instances of them and could lead to mental distress or even in some cases influence the opinion of the public.,-- / 0,,"i think deepfake technology can be used in movies,songs etc only with the permission of the people.",-- / 0,,"yes deepfake can be used for ethical purposes but it can be called ethical only if permission to use it is received by the people or family members.
",-- / 0,,"for eg in movies: we can use it in place of actors if they are not available.
for eg in songs or education: we can use the voice of the people to enhance the experience or story telling.",-- / 0,,"serious negative consequences of deepfakes are: it could cause mental distress to the people whose deepfakes are made. for eg use pictures of people in inappropriate pictures.
it could effect general opinion on matters for eg: if a politician's deepfake is used it could affect public opinion.",-- / 0,
7.00 / 10,I am moderately aware.,-- / 0,,Yes,1.00 / 1,,i am not aware,-- / 0,,Yes,1.00 / 1,,I am not aware,-- / 0,,Yes,1.00 / 1,,I am not aware,-- / 0,,No,0.00 / 1,,I am not aware,-- / 0,,No,1.00 / 1,,I am not aware,-- / 0,,No,1.00 / 1,,I am not aware,-- / 0,,Yes,1.00 / 1,,I am not aware,-- / 0,,No,0.00 / 1,,I am not aware,-- / 0,,No,1.00 / 1,,I am not aware,-- / 0,,Yes,0.00 / 1,,No it cannot because everyone has access to AI,-- / 0,,Only by defence agencies,-- / 0,,No,-- / 0,,Can be used by secret service agencies to deceive the criminals to do stuff on their command,-- / 0,,"Anyone can be mislead to make some decisions which aren't the best for them...

Anyone can ask people to give them money by using the voice of any known person.",-- / 0,
4.00 / 10,I am highly aware.,-- / 0,,No,0.00 / 1,,I am highly aware.,-- / 0,,Yes,1.00 / 1,,I am highly aware,-- / 0,,Yes,1.00 / 1,,I am highly aware,-- / 0,,No,0.00 / 1,,I am highly aware,-- / 0,,No,1.00 / 1,,I am highly aware,-- / 0,,Yes,0.00 / 1,,I am highly aware,-- / 0,,No,0.00 / 1,,I am highly aware,-- / 0,,Yes,1.00 / 1,,I am highly aware,-- / 0,,Yes,0.00 / 1,,I am highly aware.,-- / 0,,Yes,0.00 / 1,,i can say no because it might harmful for some reasons,-- / 0,,in terms of education for classes and enterainment for dubbing,-- / 0,,abcdef,-- / 0,,yah it might be used in education and entertainment,-- / 0,,wrong calls,-- / 0,
7.00 / 10,I am highly aware.,-- / 0,,Yes,1.00 / 1,,i am not aware,-- / 0,,Yes,1.00 / 1,,I am not aware,-- / 0,,No,0.00 / 1,,I am moderately aware,-- / 0,,Yes,1.00 / 1,,I am highly aware,-- / 0,,No,1.00 / 1,,I am moderately aware,-- / 0,,No,1.00 / 1,,I am not aware,-- / 0,,No,0.00 / 1,,I am moderately aware,-- / 0,,Yes,1.00 / 1,,I am moderately aware,-- / 0,,No,1.00 / 1,,I am highly aware.,-- / 0,,Yes,0.00 / 1,,"The technology can be used maliciously for spreading misinformation, election meddling, and creating non-consensual explicit content. Regulations could help establish accountability, but they must be carefully balanced to protect free speech and legitimate creative or satirical uses",-- / 0,,"Even with good intentions, challenges are significant.

Technically, creating a flawless, undetectable deepfake is difficult, and reliably watermarking or detecting them is an ongoing race.

Legally, laws lag far behind. Issues like defining consent for the deceased, handling cross-border jurisdiction, and proving satirical vs. malicious intent remain complex gray areas.",-- / 0,,"Yes, deepfakes can be a powerful creative tool for education and film. The ethical line is drawn at consent and intent. Ethical use requires permission from the person being depicted and aims to entertain or educate without deceiving the audience. Unethical use lacks consent and intends to harm, defame, or manipulate",-- / 0,,"In entertainment, deepfakes have significant advantages. For example, they can seamlessly dub films into foreign languages by matching actors' lip movements perfectly. In accessibility, the technology can recreate a person's voice who has lost their ability to speak, based on old recordings, greatly improving their communication.",-- / 0,,"Serious negative consequences include spreading disinformation and personal harm. For example, a fake video of a political candidate could sway an election. On a personal level, deepfakes are used to create non-consensual explicit content for harassment or to commit financial fraud by impersonating someone's voice.

Now that we've covered the pros and cons, would you like me to create a simple table summarizing the key ethical vs. unethical uses of deepfake technology",-- / 0,
4.00 / 10,I am moderately aware.,-- / 0,,No,0.00 / 1,,I am highly aware.,-- / 0,,Yes,1.00 / 1,,I am highly aware,-- / 0,,Yes,1.00 / 1,,I am highly aware,-- / 0,,No,0.00 / 1,,I am highly aware,-- / 0,,Yes,0.00 / 1,,I am highly aware,-- / 0,,No,1.00 / 1,,I am highly aware,-- / 0,,Yes,1.00 / 1,,I am highly aware,-- / 0,,No,0.00 / 1,,I am highly aware,-- / 0,,Yes,0.00 / 1,,I am highly aware.,-- / 0,,Yes,0.00 / 1,,.,-- / 0,,th,-- / 0,,g,-- / 0,, bg,-- / 0,,bht,-- / 0,
6.00 / 10,I am moderately aware.,-- / 0,,No,0.00 / 1,,I am moderately aware,-- / 0,,No,0.00 / 1,,I am not aware,-- / 0,,Yes,1.00 / 1,,I am moderately aware,-- / 0,,No,0.00 / 1,,I am moderately aware,-- / 0,,No,1.00 / 1,,I am moderately aware,-- / 0,,No,1.00 / 1,,I am not aware,-- / 0,,Yes,1.00 / 1,,I am not aware,-- / 0,,No,0.00 / 1,,I am not aware,-- / 0,,No,1.00 / 1,,I am not aware,-- / 0,,No,1.00 / 1,,Yes. Because AI can simulate any person's voice or edit their videos to make NSFW content which would ruin their reputation. Proper consent must be taken before generating anything that is deepfake,-- / 0,,Deepfake can be used to create funny content with consent from the user being projected in the content. It can also be used to create maybe funny animations/creative animations of characters from movies or games who are not real. It saves time and supports entertainment without anyone being hurt.,-- / 0,,Yes this is a great way to bring historical figures to life for educational purposes since we as humans can perceive audio and video better than just reading textbooks. But it should be purely educational and should not hurt anyone's personal view of that historical figure by making fake content about things that they've never done,-- / 0,,I think i've already given some above like make funny and creative content of your original characters that are not real and can be used for educational purposes or entertainment purposes,-- / 0,,"Generation of NSFW content, fake content of politicians saying things that they've never said, fake terrorist activities etc..",-- / 0,
4.00 / 10,I am not aware.,-- / 0,,Yes,1.00 / 1,,I am moderately aware,-- / 0,,No,0.00 / 1,,I am not aware,-- / 0,,No,0.00 / 1,,I am not aware,-- / 0,,No,0.00 / 1,,I am moderately aware,-- / 0,,Yes,0.00 / 1,,I am not aware,-- / 0,,No,1.00 / 1,,I am not aware,-- / 0,,Yes,1.00 / 1,,I am not aware,-- / 0,,No,0.00 / 1,,I am not aware,-- / 0,,Yes,0.00 / 1,,I am not aware,-- / 0,,No,1.00 / 1,,yes,-- / 0,,yes,-- / 0,,yes,-- / 0,,we can create wonders,-- / 0,,yes,-- / 0,
6.00 / 10,I am highly aware.,-- / 0,,No,0.00 / 1,,I am highly aware.,-- / 0,,No,0.00 / 1,,I am not aware,-- / 0,,No,0.00 / 1,,I am not aware,-- / 0,,Yes,1.00 / 1,,I am highly aware,-- / 0,,No,1.00 / 1,,I am highly aware,-- / 0,,No,1.00 / 1,,I am not aware,-- / 0,,Yes,1.00 / 1,,I am not aware,-- / 0,,Yes,1.00 / 1,,I am not aware,-- / 0,,No,1.00 / 1,,I am not aware,-- / 0,,Yes,0.00 / 1,,Yes because if it ends up landing on the wrong hands then there might be trouble in case of criminals who can use this to fake their identity and more such.,-- / 0,,in case of education we can use it for children to show that their favourite cricket player of actor or idol is teaching them a class and make them feel more interactive to the subject.,-- / 0,,yes it can be used for animations and videos. The border is drawn when it goes into the illegal minds and goes into the personal space of one.,-- / 0,,"advantages of deep fake, can be used for teaching learning things in a human interactive manner .",-- / 0,,crimes in theft and use of inappropriate imagery of any common citizen and can harm their life.,-- / 0,
8.00 / 10,I am highly aware.,-- / 0,,Yes,1.00 / 1,,I am moderately aware,-- / 0,,No,0.00 / 1,,I am not aware,-- / 0,,Yes,1.00 / 1,,I am not aware,-- / 0,,Yes,1.00 / 1,,I am highly aware,-- / 0,,No,1.00 / 1,,I am highly aware,-- / 0,,No,1.00 / 1,,I am moderately aware,-- / 0,,No,0.00 / 1,,I am not aware,-- / 0,,Yes,1.00 / 1,,I am moderately aware,-- / 0,,No,1.00 / 1,,I am moderately aware,-- / 0,,No,1.00 / 1,,"yes ,otherwise it might use for illegal purposes",-- / 0,,It can be used by converting textbook to audiobook,-- / 0,,"Deepfake can enhance education and storytelling by animating historical figures or characters. But using them to deceive, impersonate without consent, or spread misinformation is unethical. The line is clear: creativity with transparency and permission is fine—manipulation or harm is not.
",-- / 0,,"Deepfakes can animate historical figures for education, recreate actors in films, and localize content across languages. They enhance storytelling and accessibility when used with consent and transparency. However, misuse for deception or impersonation crosses ethical lines. Responsible use balances innovation with respect for truth, privacy, and individual dignity.
",-- / 0,,"Deepfakes can spread misinformation, impersonate individuals for fraud, and damage reputations. For example, fake political speeches can mislead voters, and deepfake scams can trick people into sending money. They also enable non-consensual explicit content, violating privacy and causing emotional harm. Misuse erodes trust in media and institutions.",-- / 0,
8.00 / 10,I am moderately aware.,-- / 0,,Yes,1.00 / 1,,I am moderately aware,-- / 0,,No,0.00 / 1,,I am highly aware,-- / 0,,Yes,1.00 / 1,,I am not aware,-- / 0,,No,0.00 / 1,,I am moderately aware,-- / 0,,No,1.00 / 1,,I am highly aware,-- / 0,,No,1.00 / 1,,I am moderately aware,-- / 0,,Yes,1.00 / 1,,I am moderately aware,-- / 0,,Yes,1.00 / 1,,I am moderately aware,-- / 0,,No,1.00 / 1,,I am moderately aware,-- / 0,,No,1.00 / 1,,it should be regulated but not as much the indian government censors movies. it should be allowed under fair use and sattire but not explicit things,-- / 0,,can be used in audio education so students can hear familiar voices of maybe actors or any person they like which might increase focus and attention,-- / 0,,yes it can be useful but there are many possible unethical ways it can be used .... for example any dictator can be made like a person again and spread propoganda,-- / 0,,"De-age actors for flashback scenes or to portray a younger version of a character, as seen in movies 
recast deceased actors to complete a film or allow their legacy to live on like chadwick boseman
Create immersive and interactive experiences. Museums and exhibitions can use deepfakes to bring historical figures to life
Translating speech to sign language. Deepfakes can generate a realistic avatar that converts spoken words into accurate sign language, making videos and other content ",-- / 0,,"Spread of Disinformation and Fake News
ability to convincingly impersonate a person's voice and likeness makes deepfakes a powerful tool for financial fraud

Blackmail and Extortion: Malicious actors can create fake compromising videos of individuals and use them for blackmail,",-- / 0,
9.00 / 10,I am highly aware.,-- / 0,,Yes,1.00 / 1,,I am highly aware.,-- / 0,,No,0.00 / 1,,I am not aware,-- / 0,,Yes,1.00 / 1,,I am moderately aware,-- / 0,,Yes,1.00 / 1,,I am moderately aware,-- / 0,,No,1.00 / 1,,I am moderately aware,-- / 0,,No,1.00 / 1,,I am moderately aware,-- / 0,,Yes,1.00 / 1,,I am not aware,-- / 0,,Yes,1.00 / 1,,I am not aware,-- / 0,,No,1.00 / 1,,I am not aware,-- / 0,,No,1.00 / 1,,"yes, as its dangerous",-- / 0,,for the unavailability of important persons,-- / 0,,"yes, unethical if it is impersonating",-- / 0,,dont use,-- / 0,,destroy someone's life,-- / 0,
6.00 / 10,I am highly aware.,-- / 0,,Yes,1.00 / 1,,I am moderately aware,-- / 0,,Yes,1.00 / 1,,I am not aware,-- / 0,,No,0.00 / 1,,I am not aware,-- / 0,,No,0.00 / 1,,I am highly aware,-- / 0,,No,1.00 / 1,,I am highly aware,-- / 0,,Yes,0.00 / 1,,I am not aware,-- / 0,,Yes,1.00 / 1,,I am moderately aware,-- / 0,,No,0.00 / 1,,I am moderately aware,-- / 0,,No,1.00 / 1,,I am moderately aware,-- / 0,,No,1.00 / 1,,"No,it can mislead a large amount of population ",-- / 0,,Yaa maybe for educational purposes..to depict an event or something ,-- / 0,,Yaa possible ,-- / 0,,"In context of education..it has several advantages 
Eg:Bringing historical,political people in a frame to explain geopolitics and history in a better way",-- / 0,,"False information, degradation of a celebrity ",-- / 0,
6.00 / 10,I am not aware.,-- / 0,,Yes,1.00 / 1,,i am not aware,-- / 0,,No,0.00 / 1,,I am not aware,-- / 0,,Yes,1.00 / 1,,I am moderately aware,-- / 0,,No,0.00 / 1,,I am not aware,-- / 0,,No,1.00 / 1,,I am highly aware,-- / 0,,No,1.00 / 1,,I am not aware,-- / 0,,Yes,1.00 / 1,,I am moderately aware,-- / 0,,No,0.00 / 1,,I am moderately aware,-- / 0,,No,1.00 / 1,,I am moderately aware,-- / 0,,Yes,0.00 / 1,,yes. it should be. otherwise fraudsters and crime rate will increase drastically.,-- / 0,,deepfake technoly can be used ethically if it is used for the benefit of all and after giving the required disclaimers. ,-- / 0,,"when it is used for the purposes which are either illegal or non-ethical, then it is its unethical use.",-- / 0,,"teaching students with deepfake, as a phsyicologist , etc. ",-- / 0,,using deepfake to hide identity in order to make a crime.,-- / 0,
3.00 / 10,I am not aware.,-- / 0,,Yes,1.00 / 1,,i am not aware,-- / 0,,No,0.00 / 1,,I am not aware,-- / 0,,No,0.00 / 1,,I am not aware,-- / 0,,No,0.00 / 1,,I am not aware,-- / 0,,Yes,0.00 / 1,,I am highly aware,-- / 0,,Yes,0.00 / 1,,I am not aware,-- / 0,,Yes,1.00 / 1,,I am not aware,-- / 0,,No,0.00 / 1,,I am not aware,-- / 0,,No,1.00 / 1,,I am not aware,-- / 0,,Yes,0.00 / 1,,"No, restricts innovation",-- / 0,,"Education: In case a teacher falls ill, we can have pre-recorded content but include a deepfake of the teacher explaining it, so long as everyone involved knows it is a deepfake.",-- / 0,,Yes,-- / 0,,Same as the answer two answers above,-- / 0,,IDK,-- / 0,
5.00 / 10,I am not aware.,-- / 0,,No,0.00 / 1,,I am moderately aware,-- / 0,,Yes,1.00 / 1,,I am not aware,-- / 0,,No,0.00 / 1,,I am not aware,-- / 0,,Yes,1.00 / 1,,I am moderately aware,-- / 0,,No,1.00 / 1,,I am moderately aware,-- / 0,,Yes,0.00 / 1,,I am not aware,-- / 0,,No,0.00 / 1,,I am moderately aware,-- / 0,,Yes,1.00 / 1,,I am highly aware,-- / 0,,No,1.00 / 1,,I am not aware,-- / 0,,Yes,0.00 / 1,,"Yes, since use of deepfakes can lead to creation of misleading videos, seemingly created by public figure, which can be harmful.",-- / 0,,For entertainment purposes deepfakes can be ethically used. Ex. using deepfakes on stuntmen and replacing actors' faces.,-- / 0,,"If the creation sparks debate or is offensive to somebody, it can be deemed as unethical.",-- / 0,,Can be useful in entertainment or education.,-- / 0,,Deepfakes of political figures can be used to spark an outrage.,-- / 0,
8.00 / 10,I am moderately aware.,-- / 0,,Yes,1.00 / 1,,I am moderately aware,-- / 0,,Yes,1.00 / 1,,I am moderately aware,-- / 0,,No,0.00 / 1,,I am moderately aware,-- / 0,,Yes,1.00 / 1,,I am moderately aware,-- / 0,,No,1.00 / 1,,I am highly aware,-- / 0,,No,1.00 / 1,,I am not aware,-- / 0,,Yes,1.00 / 1,,I am not aware,-- / 0,,Yes,1.00 / 1,,I am not aware,-- / 0,,No,1.00 / 1,,I am not aware,-- / 0,,Yes,0.00 / 1,,"Yes. It can be used for unfair uses such as defaming a person, etc.",-- / 0,,In movie dubbing to cover minor errors in voice,-- / 0,,"Yes, we can use deepfake for that. We must not use such figures for abusive or offensive content",-- / 0,,In movie dubbing to cover minor errors in voice,-- / 0,,They can be used to defame famous personalities. There was a fake video of Rashmika Mandana which had gone viral,-- / 0,
9.00 / 10,I am not aware.,-- / 0,,No,0.00 / 1,,I am moderately aware,-- / 0,,Yes,1.00 / 1,,I am moderately aware,-- / 0,,Yes,1.00 / 1,,I am moderately aware,-- / 0,,Yes,1.00 / 1,,I am moderately aware,-- / 0,,No,1.00 / 1,,I am moderately aware,-- / 0,,No,1.00 / 1,,I am moderately aware,-- / 0,,Yes,1.00 / 1,,I am moderately aware,-- / 0,,Yes,1.00 / 1,,I am moderately aware,-- / 0,,No,1.00 / 1,,I am moderately aware,-- / 0,,No,1.00 / 1,,Yes ,-- / 0,,Education,-- / 0,,Yes,-- / 0,,Education,-- / 0,,Increase in crime rate,-- / 0,
9.00 / 10,I am moderately aware.,-- / 0,,Yes,1.00 / 1,,I am highly aware.,-- / 0,,Yes,1.00 / 1,,I am not aware,-- / 0,,Yes,1.00 / 1,,I am highly aware,-- / 0,,Yes,1.00 / 1,,I am highly aware,-- / 0,,No,1.00 / 1,,I am highly aware,-- / 0,,No,1.00 / 1,,I am not aware,-- / 0,,Yes,1.00 / 1,,I am moderately aware,-- / 0,,Yes,1.00 / 1,,I am not aware,-- / 0,,Yes,0.00 / 1,,I am moderately aware,-- / 0,,No,1.00 / 1,,"Yes,Helps to differentiate between fake and real increasing efficiency of law",-- / 0,,"for maintaining law, for mental peace",-- / 0,,"Yes, when it changes the events of the past or manipulates for own good",-- / 0,,"entertainment,education,politics,creativity",-- / 0,,crime ,-- / 0,
6.00 / 10,I am highly aware.,-- / 0,,Yes,1.00 / 1,,I am moderately aware,-- / 0,,Yes,1.00 / 1,,I am not aware,-- / 0,,No,0.00 / 1,,I am not aware,-- / 0,,Yes,1.00 / 1,,I am highly aware,-- / 0,,No,1.00 / 1,,I am highly aware,-- / 0,,No,1.00 / 1,,I am not aware,-- / 0,,No,0.00 / 1,,I am moderately aware,-- / 0,,Yes,1.00 / 1,,I am not aware,-- / 0,,Yes,0.00 / 1,,I am not aware,-- / 0,,Yes,0.00 / 1,,"Yes, privacy protection ",-- / 0,,For entertainment ,-- / 0,,"Yes,it is okay untill it gets to common",-- / 0,,I guess for educational perpose,-- / 0,,Giving false information ,-- / 0,
8.00 / 10,I am moderately aware.,-- / 0,,No,0.00 / 1,,i am not aware,-- / 0,,Yes,1.00 / 1,,I am not aware,-- / 0,,Yes,1.00 / 1,,I am not aware,-- / 0,,Yes,1.00 / 1,,I am moderately aware,-- / 0,,No,1.00 / 1,,I am moderately aware,-- / 0,,No,1.00 / 1,,I am not aware,-- / 0,,Yes,1.00 / 1,,I am not aware,-- / 0,,No,0.00 / 1,,I am not aware,-- / 0,,No,1.00 / 1,,I am not aware,-- / 0,,No,1.00 / 1,,"yes, it should be regulated because they can mislead people",-- / 0,,entrtainment,-- / 0,,yes. should not mislead people,-- / 0,,better understanding knowledge,-- / 0,,blackmailing people,-- / 0,
3.00 / 10,I am moderately aware.,-- / 0,,Yes,1.00 / 1,,i am not aware,-- / 0,,No,0.00 / 1,,I am not aware,-- / 0,,No,0.00 / 1,,I am not aware,-- / 0,,No,0.00 / 1,,I am moderately aware,-- / 0,,No,1.00 / 1,,I am moderately aware,-- / 0,,No,1.00 / 1,,I am not aware,-- / 0,,No,0.00 / 1,,I am not aware,-- / 0,,No,0.00 / 1,,I am not aware,-- / 0,,Yes,0.00 / 1,,I am not aware,-- / 0,,Yes,0.00 / 1,,yes as it can cause harm to anyone's reputation by creating fake images or audio as well as might be used to create disputes,-- / 0,,example being to teach students how history happened by stimulating videos which gives real life experience,-- / 0,,AS I aldready answered the above question in previous question I would like to repeat it :example being to teach students how history happened by stimulating videos which gives real life experience,-- / 0,,stimulating real life teaching to students,-- / 0,,to spread rumours,-- / 0,
9.00 / 10,I am highly aware.,-- / 0,,Yes,1.00 / 1,,I am highly aware.,-- / 0,,Yes,1.00 / 1,,I am moderately aware,-- / 0,,Yes,1.00 / 1,,I am moderately aware,-- / 0,,Yes,1.00 / 1,,I am highly aware,-- / 0,,No,1.00 / 1,,I am highly aware,-- / 0,,No,1.00 / 1,,I am moderately aware,-- / 0,,Yes,1.00 / 1,,I am moderately aware,-- / 0,,Yes,1.00 / 1,,I am moderately aware,-- / 0,,No,1.00 / 1,,I am not aware,-- / 0,,Yes,0.00 / 1,,"Yes, because it can cause many problems.",-- / 0,,for promoting harmony,-- / 0,,maybe,-- / 0,,I don't know,-- / 0,,may cause many problems,-- / 0,
7.00 / 10,I am moderately aware.,-- / 0,,No,0.00 / 1,,I am highly aware.,-- / 0,,Yes,1.00 / 1,,I am not aware,-- / 0,,No,0.00 / 1,,I am moderately aware,-- / 0,,Yes,1.00 / 1,,I am moderately aware,-- / 0,,No,1.00 / 1,,I am moderately aware,-- / 0,,No,1.00 / 1,,I am moderately aware,-- / 0,,Yes,1.00 / 1,,I am moderately aware,-- / 0,,No,0.00 / 1,,I am moderately aware,-- / 0,,No,1.00 / 1,,I am not aware,-- / 0,,No,1.00 / 1,,"No,someone might do scam through it",-- / 0,,Entertainment ,-- / 0,,Yes,-- / 0,,We can use to make movie based on historical figures ,-- / 0,,The negative consequences of using deepfake is scammer ,-- / 0,
5.00 / 10,I am highly aware.,-- / 0,,Yes,1.00 / 1,,i am not aware,-- / 0,,Yes,1.00 / 1,,I am not aware,-- / 0,,Yes,1.00 / 1,,I am not aware,-- / 0,,No,0.00 / 1,,I am moderately aware,-- / 0,,Yes,0.00 / 1,,I am moderately aware,-- / 0,,Yes,0.00 / 1,,I am moderately aware,-- / 0,,Yes,1.00 / 1,,I am not aware,-- / 0,,No,0.00 / 1,,I am moderately aware,-- / 0,,No,1.00 / 1,,I am not aware,-- / 0,,Yes,0.00 / 1,,"it should be since not doing so can lead to fake persons, and no accountability for actions under the fake person",-- / 0,,to bring more actors in entertainment without increasing price,-- / 0,,the line is that people should know that the character/content is deepfake,-- / 0,,i dont know,-- / 0,,"impersonating someone, getting ids, etc",-- / 0,
5.00 / 10,I am highly aware.,-- / 0,,No,0.00 / 1,,I am moderately aware,-- / 0,,No,0.00 / 1,,I am moderately aware,-- / 0,,No,0.00 / 1,,I am not aware,-- / 0,,No,0.00 / 1,,I am moderately aware,-- / 0,,No,1.00 / 1,,I am moderately aware,-- / 0,,No,1.00 / 1,,I am moderately aware,-- / 0,,Yes,1.00 / 1,,I am not aware,-- / 0,,Yes,1.00 / 1,,I am highly aware,-- / 0,,No,1.00 / 1,,I am moderately aware,-- / 0,,Yes,0.00 / 1,,"Yes, because your identity is getting shared",-- / 0,,"Yes,for saving someone from mental illness",-- / 0,,No,-- / 0,,"For entertainment,like pranking friends",-- / 0,,Sharing your identity ,-- / 0,
6.00 / 10,I am moderately aware.,-- / 0,,Yes,1.00 / 1,,I am moderately aware,-- / 0,,Yes,1.00 / 1,,I am highly aware,-- / 0,,Yes,1.00 / 1,,I am moderately aware,-- / 0,,No,0.00 / 1,,I am highly aware,-- / 0,,No,1.00 / 1,,I am highly aware,-- / 0,,No,1.00 / 1,,I am moderately aware,-- / 0,,No,0.00 / 1,,I am moderately aware,-- / 0,,No,0.00 / 1,,I am moderately aware,-- / 0,,No,1.00 / 1,,I am moderately aware,-- / 0,,Yes,0.00 / 1,,"no, cause its bad",-- / 0,,"    Film and TV: Recreating actors for sequels or historical characters (e.g., de-aged characters or posthumous performances) with proper rights and consent.

    Voiceovers and dubbing: Enhancing multilingual accessibility or restoring damaged audio using AI-generated voices.
",-- / 0,,yes,-- / 0,,"Advantage: Reviving characters or actors without reshoots
Example: In Star Wars: Rogue One, deepfake-like technology was used to recreate the likeness of Peter Cushing as Grand Moff Tarkin, decades after his death. This allowed continuity in storytelling without casting a lookalike.
",-- / 0,,"Consequence: Individuals can be falsely portrayed in compromising or criminal scenarios, damaging reputations and careers.
Example: Celebrities and private individuals have been targeted with deepfake pornography, often without their consent, leading to emotional trauma and legal battles",-- / 0,
8.00 / 10,I am not aware.,-- / 0,,Yes,1.00 / 1,,i am not aware,-- / 0,,Yes,1.00 / 1,,I am not aware,-- / 0,,No,0.00 / 1,,I am not aware,-- / 0,,Yes,1.00 / 1,,I am not aware,-- / 0,,No,1.00 / 1,,I am not aware,-- / 0,,No,1.00 / 1,,I am not aware,-- / 0,,Yes,1.00 / 1,,I am not aware,-- / 0,,Yes,1.00 / 1,,I am not aware,-- / 0,,No,1.00 / 1,,I am not aware,-- / 0,,Yes,0.00 / 1,,"Yes, deepfake technology must be regulated by law because despite having many upsides, it can be misused in many ways.",-- / 0,,"One example of a situation where deepfakes can be rightfully used is making a historical documentary to teach students about history using realistic ""clips from the past"".",-- / 0,,Deepfakes can be used in film making,-- / 0,,"Deepfakes could be advantageous in simulating ""un-recorded moments"" for education",-- / 0,,Deepfakes can be used to make fake videos of a person doing a certain crime and framing them.,-- / 0,
6.00 / 10,I am moderately aware.,-- / 0,,No,0.00 / 1,,I am moderately aware,-- / 0,,Yes,1.00 / 1,,I am not aware,-- / 0,,Yes,1.00 / 1,,I am moderately aware,-- / 0,,Yes,1.00 / 1,,I am moderately aware,-- / 0,,No,1.00 / 1,,I am moderately aware,-- / 0,,No,1.00 / 1,,I am not aware,-- / 0,,No,0.00 / 1,,I am not aware,-- / 0,,No,0.00 / 1,,I am not aware,-- / 0,,No,1.00 / 1,,I am not aware,-- / 0,,Yes,0.00 / 1,,"Yes definitely, every deepfake image should be embedded with a tag that is immutable and can be easily accessed by the user that indicates that the data is a deepfake. watermarks are not enough. Reason is, they can be misleading and many malpractices can be carried out using them if the user is not infromed about the reality of the content.",-- / 0,,deepfakes can be used in vfx and movies but i see very less aplications of deepfakes beyond this.,-- / 0,,"Yes deepfakes can be used to make hisotrical events vibrant and vivid but to draw a line between ethical and unethical use, the user must always be informed about the content he or she is consuming. They should be well aware of wether the content they are consuming is a deepfake or not.",-- / 0,,Deepfakes can help to imagine things of which we have very less record which can help in the entertainment industry and for education.,-- / 0,,One of them is that people can spread misinformation using the identity of an influential individual,-- / 0,
5.00 / 10,I am highly aware.,-- / 0,,Yes,1.00 / 1,,I am moderately aware,-- / 0,,No,0.00 / 1,,I am not aware,-- / 0,,No,0.00 / 1,,I am moderately aware,-- / 0,,Yes,1.00 / 1,,I am highly aware,-- / 0,,No,1.00 / 1,,I am moderately aware,-- / 0,,No,1.00 / 1,,I am not aware,-- / 0,,No,0.00 / 1,,I am moderately aware,-- / 0,,No,0.00 / 1,,I am not aware,-- / 0,,No,1.00 / 1,,I am not aware,-- / 0,,Yes,0.00 / 1,,"yes, They should be regulated because it can invade the privacy of one person,mislead others and be used for wrong things",-- / 0,,They can be used in the Entertainment industry for de aging contingent that they have the permission of the Actor/actress,-- / 0,,"Yes, but as long as it is used for recreating things and not creating something which never was  ",-- / 0,,"can be used for visual learning, can cut back movie production cost and time instead of paying for the actor.",-- / 0,,spreading false information,-- / 0,
8.00 / 10,I am highly aware.,-- / 0,,No,0.00 / 1,,I am moderately aware,-- / 0,,Yes,1.00 / 1,,I am moderately aware,-- / 0,,No,0.00 / 1,,I am not aware,-- / 0,,Yes,1.00 / 1,,I am not aware,-- / 0,,No,1.00 / 1,,I am moderately aware,-- / 0,,No,1.00 / 1,,I am moderately aware,-- / 0,,Yes,1.00 / 1,,I am moderately aware,-- / 0,,Yes,1.00 / 1,,I am moderately aware,-- / 0,,No,1.00 / 1,,I am not aware,-- / 0,,No,1.00 / 1,,"Yes, I do believe that deepfake technology should be regulated by law, as unregulated use of the technology can lead to many legal and impersonation and various other issues. Apart from that, many of the current security and authorization technologies use technology which can be tampered due to deepfake technologies",-- / 0,,"Deepfake technologies can be ethically used in entertainment, education.",-- / 0,,"Yes, I believe deepfake technology can be a tool for creativity and innovation, such as bringing historical figures to life for educational purposes or to enhance storytelling in films.
Usage of deepfake technology becomes unethical when it leads to impersonation in order to breach security or personal lives of people.",-- / 0,,"Education can be a sector where deepfakes can be used to a huge advantage, as it allows to make the subject interesting by introducing characters seen in entertainment, etc. with consent.",-- / 0,,"Breach of several security and authorization technologies, and impersonation of people.",-- / 0,
7.00 / 10,I am moderately aware.,-- / 0,,Yes,1.00 / 1,,i am not aware,-- / 0,,No,0.00 / 1,,I am not aware,-- / 0,,Yes,1.00 / 1,,I am not aware,-- / 0,,No,0.00 / 1,,I am not aware,-- / 0,,No,1.00 / 1,,I am moderately aware,-- / 0,,No,1.00 / 1,,I am not aware,-- / 0,,Yes,1.00 / 1,,I am not aware,-- / 0,,Yes,1.00 / 1,,I am not aware,-- / 0,,No,1.00 / 1,,I am not aware,-- / 0,,Yes,0.00 / 1,,"Yes, As it can cause as it can be used to spread misinformation very easily ",-- / 0,,It can be used to create new original story in entertainment very easily.,-- / 0,,Yes it can be. Using it to create your own work is ethical,-- / 0,,It reduces entry skill : in art,-- / 0,,"Mis information, losing creativity job , removal of passion from creativity work",-- / 0,
7.00 / 10,I am moderately aware.,-- / 0,,No,0.00 / 1,,I am moderately aware,-- / 0,,No,0.00 / 1,,I am not aware,-- / 0,,Yes,1.00 / 1,,I am not aware,-- / 0,,Yes,1.00 / 1,,I am moderately aware,-- / 0,,No,1.00 / 1,,I am moderately aware,-- / 0,,No,1.00 / 1,,I am not aware,-- / 0,,Yes,1.00 / 1,,I am not aware,-- / 0,,Yes,1.00 / 1,,I am not aware,-- / 0,,No,1.00 / 1,,I am not aware,-- / 0,,Yes,0.00 / 1,,"Yes , because it can lead to ruining someone's reputation.",-- / 0,,Deepfake is manier times used in movies to do some stunts which the actor can't perform,-- / 0,,If the figures are used appropriately without giving out any misleading information it can be used for educational purposes.,-- / 0,,You can generate beautiful pictures without even visiting that place.,-- / 0,,It can ruin peoples reputation . For example you are a famous superstar and they use deepfake to put the picture of that superstar while giving a national threat.,-- / 0,
9.00 / 10,I am highly aware.,-- / 0,,Yes,1.00 / 1,,I am highly aware.,-- / 0,,No,0.00 / 1,,I am highly aware,-- / 0,,Yes,1.00 / 1,,I am moderately aware,-- / 0,,Yes,1.00 / 1,,I am highly aware,-- / 0,,No,1.00 / 1,,I am highly aware,-- / 0,,No,1.00 / 1,,I am moderately aware,-- / 0,,Yes,1.00 / 1,,I am not aware,-- / 0,,Yes,1.00 / 1,,I am not aware,-- / 0,,No,1.00 / 1,,I am not aware,-- / 0,,No,1.00 / 1,,Yes. Deepfake technology might cause many scams and might be misused to perform unethical crimes,-- / 0,,"Yes. This can be utilised in reading events, announcers of any kind etc.",-- / 0,,"Yes, it can be a tool for creativity and innovation. We can draw the line between ethical and unethical use when the technology starts harming peoples lives and livelihoods.",-- / 0,,Live announcers can be replaced maybe.,-- / 0,,Financial crimes etc,-- / 0,
8.00 / 10,I am moderately aware.,-- / 0,,No,0.00 / 1,,i am not aware,-- / 0,,Yes,1.00 / 1,,I am not aware,-- / 0,,No,0.00 / 1,,I am not aware,-- / 0,,Yes,1.00 / 1,,I am not aware,-- / 0,,No,1.00 / 1,,I am moderately aware,-- / 0,,No,1.00 / 1,,I am not aware,-- / 0,,Yes,1.00 / 1,,I am not aware,-- / 0,,Yes,1.00 / 1,,I am not aware,-- / 0,,No,1.00 / 1,,I am not aware,-- / 0,,No,1.00 / 1,,"Yes, it allows for bad actors to implicate innocents  fairly easily.",-- / 0,,CGI for movies (especially remakes given prior consent of actors),-- / 0,,"Yes, when the person whose voice is used gives explicit consent. It should be included with a disclaimer whenever used.",-- / 0,,To recreate scenes where previous actors are unable to perform. Example is the scene in Mandalorian.,-- / 0,,Potential implication of innocents in crimes. Defamation. It can affect law courts by reducing reliability of any evidence.,-- / 0,
8.00 / 10,I am moderately aware.,-- / 0,,Yes,1.00 / 1,,I am moderately aware,-- / 0,,Yes,1.00 / 1,,I am moderately aware,-- / 0,,Yes,1.00 / 1,,I am not aware,-- / 0,,Yes,1.00 / 1,,I am moderately aware,-- / 0,,No,1.00 / 1,,I am moderately aware,-- / 0,,No,1.00 / 1,,I am not aware,-- / 0,,No,0.00 / 1,,I am not aware,-- / 0,,No,0.00 / 1,,I am not aware,-- / 0,,No,1.00 / 1,,I am not aware,-- / 0,,No,1.00 / 1,,"yes, it should be regulated. There is no consent of the involved members, reduces quality of the work etc",-- / 0,,"for protecting the nation like army ,  in education to censor etc",-- / 0,,yes. it can be used for historical figures unless it offends some one. it should not be used as a fake of someone .,-- / 0,,"educational videos in school,etc",-- / 0,,"actors facing issues as public and media beleive their deepfakes are real incidents, fake scenarios of people without consent etc",-- / 0,
8.00 / 10,I am not aware.,-- / 0,,Yes,1.00 / 1,,I am moderately aware,-- / 0,,Yes,1.00 / 1,,I am not aware,-- / 0,,No,0.00 / 1,,I am moderately aware,-- / 0,,Yes,1.00 / 1,,I am moderately aware,-- / 0,,No,1.00 / 1,,I am moderately aware,-- / 0,,No,1.00 / 1,,I am moderately aware,-- / 0,,Yes,1.00 / 1,,I am not aware,-- / 0,,No,0.00 / 1,,I am not aware,-- / 0,,No,1.00 / 1,,I am not aware,-- / 0,,No,1.00 / 1,,"yes, it is misleading",-- / 0,,entertainment and education,-- / 0,,"yes, unless it harms the dignity and living of individual it is not really unethical",-- / 0,,"to simulate procedures in medical field, for creating movies",-- / 0,,sometimes it creates a wrong image of people,-- / 0,
5.00 / 10,I am highly aware.,-- / 0,,No,0.00 / 1,,i am not aware,-- / 0,,Yes,1.00 / 1,,I am moderately aware,-- / 0,,Yes,1.00 / 1,,I am moderately aware,-- / 0,,Yes,1.00 / 1,,I am highly aware,-- / 0,,No,1.00 / 1,,I am highly aware,-- / 0,,Yes,0.00 / 1,,I am not aware,-- / 0,,No,0.00 / 1,,I am not aware,-- / 0,,Yes,1.00 / 1,,I am moderately aware,-- / 0,,Yes,0.00 / 1,,I am not aware,-- / 0,,Yes,0.00 / 1,,"Yes, because bad guys can use them to blackmail someone or can do higher crimes",-- / 0,,"for entertainment , we can create the the scene which will never be done in real life.",-- / 0,,"yes , deepfake technology cam be used for creativity and innovation to bring historical figure to life. but it should be under some limits .",-- / 0,,to make a historical singer sing a new song,-- / 0,,unauthorize use of other persons personal data,-- / 0,
6.00 / 10,I am highly aware.,-- / 0,,No,0.00 / 1,,I am highly aware.,-- / 0,,Yes,1.00 / 1,,I am highly aware,-- / 0,,Yes,1.00 / 1,,I am not aware,-- / 0,,No,0.00 / 1,,I am moderately aware,-- / 0,,No,1.00 / 1,,I am moderately aware,-- / 0,,No,1.00 / 1,,I am not aware,-- / 0,,Yes,1.00 / 1,,I am not aware,-- / 0,,No,0.00 / 1,,I am not aware,-- / 0,,No,1.00 / 1,,I am not aware,-- / 0,,Yes,0.00 / 1,,Yes it should be regulated strictly by the law as it causes much harm to famous personalities and even common individuals in a very very disrespecting manner and harms their reputation greatly if used for the wrong purposes.,-- / 0,,While communicating with people not familiar with the language you speak.,-- / 0,,Yes surely it can be used but only to the extent that the core personality of the figure is not modified greatly.,-- / 0,,Education.,-- / 0,,Generating explicit content of famous individuals and it getting leaked. Voicing bad phrases in the voice of famous individuals.,-- / 0,
7.00 / 10,I am not aware.,-- / 0,,Yes,1.00 / 1,,I am highly aware.,-- / 0,,Yes,1.00 / 1,,I am moderately aware,-- / 0,,No,0.00 / 1,,I am moderately aware,-- / 0,,Yes,1.00 / 1,,I am not aware,-- / 0,,No,1.00 / 1,,I am moderately aware,-- / 0,,No,1.00 / 1,,I am not aware,-- / 0,,No,0.00 / 1,,I am not aware,-- / 0,,Yes,1.00 / 1,,I am not aware,-- / 0,,No,1.00 / 1,,I am not aware,-- / 0,,Yes,0.00 / 1,,yes to prevent it's misuse,-- / 0,,"entertainment, education, politics etcc.",-- / 0,,yes. when people spread false information using the face of other famous people. ,-- / 0,,in entertainment purposes i guess like in movies and other shows as the money spent is a lott but if we start using deepfakes it can reduce the expenditure cost and result in profits ,-- / 0,,defamation and reputation damage by creating false picture of any person,-- / 0,
6.00 / 10,I am moderately aware.,-- / 0,,Yes,1.00 / 1,,I am moderately aware,-- / 0,,No,0.00 / 1,,I am moderately aware,-- / 0,,No,0.00 / 1,,I am moderately aware,-- / 0,,Yes,1.00 / 1,,I am moderately aware,-- / 0,,No,1.00 / 1,,I am highly aware,-- / 0,,No,1.00 / 1,,I am not aware,-- / 0,,No,0.00 / 1,,I am not aware,-- / 0,,Yes,1.00 / 1,,I am not aware,-- / 0,,No,1.00 / 1,,I am not aware,-- / 0,,Yes,0.00 / 1,,NO because too many wrong uses,-- / 0,,"reproducing lower quality images,videos or audios with consent to a higher quality",-- / 0,,"yes deepfake technology can be used in that context, the moment it hurts someone,like reproducing someone's artwork without consent,is where i draw the line",-- / 0,,Using it to tell children's story.For example showing them a video where einstein teaches basic counting.Fun as well as informative,-- / 0,,"deepfake nudes,stealing original artwork.",-- / 0,
6.00 / 10,I am moderately aware.,-- / 0,,No,0.00 / 1,,i am not aware,-- / 0,,Yes,1.00 / 1,,I am not aware,-- / 0,,Yes,1.00 / 1,,I am not aware,-- / 0,,Yes,1.00 / 1,,I am highly aware,-- / 0,,No,1.00 / 1,,I am highly aware,-- / 0,,No,1.00 / 1,,I am moderately aware,-- / 0,,Yes,1.00 / 1,,I am not aware,-- / 0,,No,0.00 / 1,,I am not aware,-- / 0,,Yes,0.00 / 1,,I am highly aware.,-- / 0,,Yes,0.00 / 1,,"YES , DEEP FAKE HAS TO BE REGULATED AS THIS CAN BE USED FOR MISINFORMATION , PROPAGANDA . IT CAN EXTEND TO DEFAMATION AND COPYING OF ARTISTIC WORK AS IN GHIBLI TREND",-- / 0,,DEEP FAKES SHOULD BE USED TO MAKE STORIES THAT PROMOTE HARMONY AND SEND MESSAGES IN CRITICAL SITUATIONS LIKE STORM AND CALAMITIES,-- / 0,,YES THIS CAN BE USED FOR PEOPLE WHERE HISTORICAL FIGURES  POV MAY BE USED  BUT IT IS UNETHICAL WITHOUT CONSENT . ALIVE PEOPLE SHOULD NOT UNDERGO THE HARRASMENT OF DEEP FAKE,-- / 0,,"CAN BE USED TO SPREAD MESSAGES IN CALAMITIES , TO SPREAD NATIONAL NEWS WITH CONSENT",-- / 0,,"IT CAN BE USED FOR HARRASMENT , BULLYING OR LEAKING SENSITIVE INFO . IT CAN ALSO ENHANCE SCAMS AND CYBER ATTACKS",-- / 0,
7.00 / 10,I am not aware.,-- / 0,,Yes,1.00 / 1,,I am moderately aware,-- / 0,,No,0.00 / 1,,I am not aware,-- / 0,,Yes,1.00 / 1,,I am not aware,-- / 0,,Yes,1.00 / 1,,I am moderately aware,-- / 0,,No,1.00 / 1,,I am moderately aware,-- / 0,,Yes,0.00 / 1,,I am moderately aware,-- / 0,,Yes,1.00 / 1,,I am moderately aware,-- / 0,,Yes,1.00 / 1,,I am moderately aware,-- / 0,,No,1.00 / 1,,I am highly aware.,-- / 0,,Yes,0.00 / 1,,Yes because it is useful for us so my answer is yes deepfake should be regulated ,-- / 0,,.....,-- / 0,,.....,-- / 0,,.....,-- / 0,,.....,-- / 0,
8.00 / 10,I am moderately aware.,-- / 0,,No,0.00 / 1,,I am moderately aware,-- / 0,,Yes,1.00 / 1,,I am moderately aware,-- / 0,,Yes,1.00 / 1,,I am moderately aware,-- / 0,,Yes,1.00 / 1,,I am moderately aware,-- / 0,,No,1.00 / 1,,I am moderately aware,-- / 0,,No,1.00 / 1,,I am moderately aware,-- / 0,,No,0.00 / 1,,I am moderately aware,-- / 0,,Yes,1.00 / 1,,I am moderately aware,-- / 0,,No,1.00 / 1,,I am moderately aware,-- / 0,,No,1.00 / 1,,Yes ,-- / 0,,All fields,-- / 0,,Yes,-- / 0,,Using deep fake for the welfare of humanity,-- / 0,,Misuse of information ,-- / 0,
9.00 / 10,I am highly aware.,-- / 0,,Yes,1.00 / 1,,I am moderately aware,-- / 0,,Yes,1.00 / 1,,I am moderately aware,-- / 0,,Yes,1.00 / 1,,I am moderately aware,-- / 0,,Yes,1.00 / 1,,I am moderately aware,-- / 0,,No,1.00 / 1,,I am moderately aware,-- / 0,,No,1.00 / 1,,I am not aware,-- / 0,,No,0.00 / 1,,I am moderately aware,-- / 0,,Yes,1.00 / 1,,I am not aware,-- / 0,,No,1.00 / 1,,I am moderately aware,-- / 0,,No,1.00 / 1,,"Yes, it can be  used to identity scams and should be regulated",-- / 0,,"Entertainment, Video Editing ",-- / 0,,"Yes as long as it doesen,t harm anybody",-- / 0,,Video Editing,-- / 0,,Identity Scams,-- / 0,
6.00 / 10,I am moderately aware.,-- / 0,,No,0.00 / 1,,I am highly aware.,-- / 0,,Yes,1.00 / 1,,I am moderately aware,-- / 0,,Yes,1.00 / 1,,I am highly aware,-- / 0,,Yes,1.00 / 1,,I am highly aware,-- / 0,,No,1.00 / 1,,I am highly aware,-- / 0,,No,1.00 / 1,,I am not aware,-- / 0,,No,0.00 / 1,,I am moderately aware,-- / 0,,Yes,1.00 / 1,,I am not aware,-- / 0,,Yes,0.00 / 1,,I am not aware,-- / 0,,Yes,0.00 / 1,,"No. It is a highly dangerous tool to be used in today's society, and it can lead to global chaos.",-- / 0,,yes,-- / 0,,yes,-- / 0,,"Advantages are mainly that few videos which are impossible to depict can be depicted easily.
Example : A movie with main leads as Ranbir Kapoor and Katrina Kaif",-- / 0,,"Fake images and Fake videos which are wrongly portraying the personalities involved (usually, very famous ones)
Examples include videos of prime ministers getting in physical fights etc.",-- / 0,
8.00 / 10,I am not aware.,-- / 0,,Yes,1.00 / 1,,I am highly aware.,-- / 0,,Yes,1.00 / 1,,I am not aware,-- / 0,,No,0.00 / 1,,I am not aware,-- / 0,,Yes,1.00 / 1,,I am moderately aware,-- / 0,,No,1.00 / 1,,I am moderately aware,-- / 0,,No,1.00 / 1,,I am not aware,-- / 0,,Yes,1.00 / 1,,I am not aware,-- / 0,,Yes,1.00 / 1,,I am not aware,-- / 0,,Yes,0.00 / 1,,I am not aware,-- / 0,,No,1.00 / 1,,Yes it should be ,-- / 0,,Entertainment,-- / 0,,Yes for historial purposes,-- / 0,,For entertainment it is good like PM singing Saiyaara,-- / 0,,It can be used for malpractices,-- / 0,
8.00 / 10,I am moderately aware.,-- / 0,,Yes,1.00 / 1,,I am highly aware.,-- / 0,,Yes,1.00 / 1,,I am moderately aware,-- / 0,,Yes,1.00 / 1,,I am moderately aware,-- / 0,,Yes,1.00 / 1,,I am highly aware,-- / 0,,No,1.00 / 1,,I am highly aware,-- / 0,,No,1.00 / 1,,I am not aware,-- / 0,,No,0.00 / 1,,I am not aware,-- / 0,,Yes,1.00 / 1,,I am not aware,-- / 0,,No,1.00 / 1,,I am not aware,-- / 0,,Yes,0.00 / 1,,"yes, because helps us from detecting scams",-- / 0,,it should not be used,-- / 0,,yes it can be a tool for creativity,-- / 0,,to innovate something ,-- / 0,,"it can generate pictures which shoudn't be
for ex :- a year ago vedio of prime minister was viral",-- / 0,
8.00 / 10,I am moderately aware.,-- / 0,,No,0.00 / 1,,I am moderately aware,-- / 0,,Yes,1.00 / 1,,I am moderately aware,-- / 0,,Yes,1.00 / 1,,I am moderately aware,-- / 0,,Yes,1.00 / 1,,I am moderately aware,-- / 0,,No,1.00 / 1,,I am moderately aware,-- / 0,,No,1.00 / 1,,I am not aware,-- / 0,,Yes,1.00 / 1,,I am not aware,-- / 0,,Yes,1.00 / 1,,I am not aware,-- / 0,,No,1.00 / 1,,I am not aware,-- / 0,,Yes,0.00 / 1,,yes cause it can be misused,-- / 0,,it can be used like to explain history make movies etc,-- / 0,,yes it can be used for better understanding but the line where we should draw is that we must first get the consent of the person ,-- / 0,,can be used to make history related movies for better understanding,-- / 0,,bullying or like framing people,-- / 0,
8.00 / 10,I am highly aware.,-- / 0,,No,0.00 / 1,,I am highly aware.,-- / 0,,Yes,1.00 / 1,,I am not aware,-- / 0,,Yes,1.00 / 1,,I am moderately aware,-- / 0,,No,0.00 / 1,,I am moderately aware,-- / 0,,No,1.00 / 1,,I am moderately aware,-- / 0,,No,1.00 / 1,,I am not aware,-- / 0,,Yes,1.00 / 1,,I am not aware,-- / 0,,Yes,1.00 / 1,,I am not aware,-- / 0,,No,1.00 / 1,,I am not aware,-- / 0,,No,1.00 / 1,,yes it should be regulated because it disturbs the society by spreading false information,-- / 0,,for bringing historical figures to life for educational purposes,-- / 0,,it should not be used for tampering the available information,-- / 0,,we can use them for educational purposes,-- / 0,,we cannot differenciate between true and false information,-- / 0,
7.00 / 10,I am moderately aware.,-- / 0,,No,0.00 / 1,,I am moderately aware,-- / 0,,Yes,1.00 / 1,,I am not aware,-- / 0,,No,0.00 / 1,,I am not aware,-- / 0,,Yes,1.00 / 1,,I am moderately aware,-- / 0,,No,1.00 / 1,,I am highly aware,-- / 0,,No,1.00 / 1,,I am not aware,-- / 0,,Yes,1.00 / 1,,I am not aware,-- / 0,,No,0.00 / 1,,I am not aware,-- / 0,,No,1.00 / 1,,I am not aware,-- / 0,,No,1.00 / 1,,"No, as it very much harms the user to which the deepfake is made. It can seriously damage the dignity of it and also will increase scams",-- / 0,,"It can be used to edit a picture, create a funny meme, storytelling to kids, etc",-- / 0,,"Yes, The line will be drawn when deepfake is used for harming others in any way",-- / 0,,"Entertainment, storytelling, editing, etc",-- / 0,,"leaking the fake pictures of people, scam calls by using fake voice",-- / 0,
5.00 / 10,I am moderately aware.,-- / 0,,No,0.00 / 1,,I am moderately aware,-- / 0,,Yes,1.00 / 1,,I am moderately aware,-- / 0,,Yes,1.00 / 1,,I am moderately aware,-- / 0,,No,0.00 / 1,,I am moderately aware,-- / 0,,No,1.00 / 1,,I am moderately aware,-- / 0,,Yes,0.00 / 1,,I am not aware,-- / 0,,Yes,1.00 / 1,,I am moderately aware,-- / 0,,No,0.00 / 1,,I am not aware,-- / 0,,No,1.00 / 1,,I am not aware,-- / 0,,Yes,0.00 / 1,,Yes,-- / 0,,In education ,-- / 0,,No,-- / 0,,For new ideas,-- / 0,,"The content is always not human made ,so it may not show ethics",-- / 0,
8.00 / 10,I am highly aware.,-- / 0,,Yes,1.00 / 1,,I am moderately aware,-- / 0,,Yes,1.00 / 1,,I am moderately aware,-- / 0,,Yes,1.00 / 1,,I am not aware,-- / 0,,Yes,1.00 / 1,,I am highly aware,-- / 0,,No,1.00 / 1,,I am highly aware,-- / 0,,No,1.00 / 1,,I am not aware,-- / 0,,No,0.00 / 1,,I am not aware,-- / 0,,Yes,1.00 / 1,,I am not aware,-- / 0,,No,1.00 / 1,,I am not aware,-- / 0,,Yes,0.00 / 1,,It should regulated because there is a scope of a lot of illegal activities  that can happen without the consent of the actual person.,-- / 0,,"In the movie industry, for filming dangerous stunt scenes where a stuntman does the scene and the face of the actor could be deepfaked on the stuntman.",-- / 0,,Yes but only historical figures in an ethical manner.,-- / 0,,"In a cosmetic clinic, before doing a plastic surgery the patient can check what they would look like after the surgery.",-- / 0,,"Creating deepfakes of persons without their consent, in a vulnerable scenario which threatens their dignity as human being.",-- / 0,
6.00 / 10,I am not aware.,-- / 0,,Yes,1.00 / 1,,I am highly aware.,-- / 0,,Yes,1.00 / 1,,I am not aware,-- / 0,,No,0.00 / 1,,I am highly aware,-- / 0,,Yes,1.00 / 1,,I am highly aware,-- / 0,,No,1.00 / 1,,I am highly aware,-- / 0,,Yes,0.00 / 1,,I am highly aware,-- / 0,,Yes,1.00 / 1,,I am moderately aware,-- / 0,,No,0.00 / 1,,I am not aware,-- / 0,,No,1.00 / 1,,I am moderately aware,-- / 0,,Yes,0.00 / 1,,Yes I think deepfake technology should be regulated by law as it is slowly becoming more tricky to differentiate between real and deepfake data,-- / 0,,"In education, like if we need to show a simulation but there is no real life data which is present we can use generated data",-- / 0,,"Yes, deepfake can be used in an ethical way as long as the person who uses this technology is ethical. When it comes to education or entertainment, using such technology is fine, but if it is used to spread false news or scamming, then it becomes dangerous",-- / 0,,"Simulating a rocket landing on the moon or mars, using real physics. This can actually give valuable insights to people who are working to make it reality",-- / 0,,"Deepfakes can be used to spread false sometimes harmful news about a famous person, or change someones viewpoint if it is related to politics. These are dangerous consequences as they can lead to people taking the wrong decisions ultimately leading to a loss.",-- / 0,
4.00 / 10,I am moderately aware.,-- / 0,,No,0.00 / 1,,i am not aware,-- / 0,,Yes,1.00 / 1,,I am not aware,-- / 0,,No,0.00 / 1,,I am not aware,-- / 0,,Yes,1.00 / 1,,I am moderately aware,-- / 0,,Yes,0.00 / 1,,I am moderately aware,-- / 0,,No,1.00 / 1,,I am not aware,-- / 0,,Yes,1.00 / 1,,I am not aware,-- / 0,,No,0.00 / 1,,I am not aware,-- / 0,,Yes,0.00 / 1,,I am not aware,-- / 0,,Yes,0.00 / 1,,Yes it should be highly regulated by law and there should exist authorities which monitor misuse of this technology since it can be used in wrong and unintended ways and create problems for innocent people.,-- / 0,,The technology can be used for entertainment. It should be avoided for sensitive situations such as politics. Also any person being involved in the technology should offer his/her consent.,-- / 0,,"Yes it can be used to for better education. However the line between ethical and unethical use is very thin and it will be dynamic. There might be situation considered ethical today but unethical in the future. Also with the use of technologies, new unethical uses can be created so the line will keep changing.",-- / 0,,"It can have several advantages in education. It can be used for better visualization, understanding and unlocking teaching methods not possible with blackboard and chalk.",-- / 0,,"It can be used to create fake images/videos/audios to manipulate people. For example, images of famous celebrities using drugs can be created which will promote drugs.",-- / 0,
6.00 / 10,I am moderately aware.,-- / 0,,Yes,1.00 / 1,,i am not aware,-- / 0,,Yes,1.00 / 1,,I am not aware,-- / 0,,No,0.00 / 1,,I am moderately aware,-- / 0,,Yes,1.00 / 1,,I am not aware,-- / 0,,Yes,0.00 / 1,,I am highly aware,-- / 0,,No,1.00 / 1,,I am not aware,-- / 0,,Yes,1.00 / 1,,I am not aware,-- / 0,,No,0.00 / 1,,I am not aware,-- / 0,,Yes,0.00 / 1,,I am not aware,-- / 0,,No,1.00 / 1,,"NO, its indirectly forcing a person to say stuff he which he doesn't want to ",-- / 0,,It might be helpful in educational field . ,-- / 0,,"Yes , the content should be limited to education purpose and shouldn't enter into the field of adult stuff or using them to abuse other nations ethics ",-- / 0,,Using it to create a picture of Shivaji maharaj and telling the people or students his historical tales as an inspirational story ,-- / 0,,"used as a blackmailing source against people, its like that person didn't do a thing but using deepfake we create images which look like he was doing it (some not good activity like physically abusing people or animal )",-- / 0,
8.00 / 10,I am highly aware.,-- / 0,,Yes,1.00 / 1,,I am highly aware.,-- / 0,,No,0.00 / 1,,I am moderately aware,-- / 0,,Yes,1.00 / 1,,I am not aware,-- / 0,,Yes,1.00 / 1,,I am highly aware,-- / 0,,No,1.00 / 1,,I am highly aware,-- / 0,,No,1.00 / 1,,I am not aware,-- / 0,,Yes,1.00 / 1,,I am moderately aware,-- / 0,,Yes,1.00 / 1,,I am not aware,-- / 0,,No,1.00 / 1,,I am not aware,-- / 0,,Yes,0.00 / 1,,"it should be. It can be used to impersonate famous people, or even close relations. Specially people who are not much known to the technology world.",-- / 0,,politics,-- / 0,,Definitely. It can be used to teach and let the upcoming generation know about historical figures and personalities in a fun way.,-- / 0,,"Deepfakes can be used for use of imagination to create fictional ideas of people, more in the entertainment sense.",-- / 0,,"Most people being unaware of the minute differences between a deepfake and a real incident, would instantly believe it. Can be used to spread false propaganda about a specific person",-- / 0,
5.00 / 10,I am moderately aware.,-- / 0,,No,0.00 / 1,,i am not aware,-- / 0,,No,0.00 / 1,,I am not aware,-- / 0,,No,0.00 / 1,,I am not aware,-- / 0,,Yes,1.00 / 1,,I am not aware,-- / 0,,No,1.00 / 1,,I am not aware,-- / 0,,No,1.00 / 1,,I am not aware,-- / 0,,No,0.00 / 1,,I am not aware,-- / 0,,Yes,1.00 / 1,,I am not aware,-- / 0,,No,1.00 / 1,,I am not aware,-- / 0,,Yes,0.00 / 1,,it should be regulated since its getting too good ,-- / 0,,it should not be used ,-- / 0,,this is a good example for this case it can should be considered ethical ,-- / 0,,to improve education,-- / 0,,s,-- / 0,
4.00 / 10,I am moderately aware.,-- / 0,,Yes,1.00 / 1,,i am not aware,-- / 0,,No,0.00 / 1,,I am not aware,-- / 0,,No,0.00 / 1,,I am not aware,-- / 0,,Yes,1.00 / 1,,I am not aware,-- / 0,,No,1.00 / 1,,I am moderately aware,-- / 0,,Yes,0.00 / 1,,I am not aware,-- / 0,,Yes,1.00 / 1,,I am moderately aware,-- / 0,,No,0.00 / 1,,I am not aware,-- / 0,,Yes,0.00 / 1,,I am not aware,-- / 0,,Yes,0.00 / 1,,Yes it should be.It is very easy to missuse this technology for illegal acts.,-- / 0,,Educational purposes.,-- / 0,,The line between ethical and unethical is very fine so it should be heavily regulated,-- / 0,,education.,-- / 0,,Scams and Scandlas,-- / 0,
8.00 / 10,I am moderately aware.,-- / 0,,Yes,1.00 / 1,,I am moderately aware,-- / 0,,Yes,1.00 / 1,,I am not aware,-- / 0,,No,0.00 / 1,,I am not aware,-- / 0,,No,0.00 / 1,,I am moderately aware,-- / 0,,No,1.00 / 1,,I am moderately aware,-- / 0,,No,1.00 / 1,,I am moderately aware,-- / 0,,Yes,1.00 / 1,,I am moderately aware,-- / 0,,Yes,1.00 / 1,,I am not aware,-- / 0,,No,1.00 / 1,,I am not aware,-- / 0,,No,1.00 / 1,,yes. because deepfake technology may deceive people,-- / 0,,entertainment,-- / 0,,yes,-- / 0,,take photos,-- / 0,,deceiving people,-- / 0,
7.00 / 10,I am not aware.,-- / 0,,No,0.00 / 1,,I am highly aware.,-- / 0,,No,0.00 / 1,,I am moderately aware,-- / 0,,No,0.00 / 1,,I am highly aware,-- / 0,,Yes,1.00 / 1,,I am highly aware,-- / 0,,No,1.00 / 1,,I am highly aware,-- / 0,,No,1.00 / 1,,I am not aware,-- / 0,,Yes,1.00 / 1,,I am not aware,-- / 0,,Yes,1.00 / 1,,I am not aware,-- / 0,,No,1.00 / 1,,I am not aware,-- / 0,,No,1.00 / 1,,Yes it should be regulated by the law as it could effect security and privacy of individuals,-- / 0,,"Deepfake technology can be used ethically when applied with transparency, consent, and for positive purposes such as education, entertainment, accessibility, and cultural preservation. For example, it can recreate historical figures for classrooms, de-age actors in films, or provide synthetic voices for people with disabilities, as long as viewers are informed that it is AI-generated.",-- / 0,,"es, deepfake technology can absolutely be a tool for creativity and innovation—for instance, bringing historical figures to life in classrooms to make learning more engaging.",-- / 0,,"Deepfakes can offer clear advantages when applied in the right context. For example:
Education: Teachers could use deepfakes to recreate historical figures like Einstein or Rani Lakshmi Bai delivering speeches, making lessons more engaging and memorable for students.",-- / 0,,"Some serious negative consequences of deepfakes include the spread of misinformation and fake news, such as fabricating political speeches or events to mislead the public. They can also cause character assassination and reputational harm, for example, creating false videos of public figures engaging in scandals.",-- / 0,
8.00 / 10,I am not aware.,-- / 0,,Yes,1.00 / 1,,i am not aware,-- / 0,,Yes,1.00 / 1,,I am not aware,-- / 0,,Yes,1.00 / 1,,I am not aware,-- / 0,,No,0.00 / 1,,I am not aware,-- / 0,,No,1.00 / 1,,I am highly aware,-- / 0,,No,1.00 / 1,,I am moderately aware,-- / 0,,Yes,1.00 / 1,,I am not aware,-- / 0,,No,0.00 / 1,,I am not aware,-- / 0,,No,1.00 / 1,,I am not aware,-- / 0,,No,1.00 / 1,,"Yes,I do think that it should be regulated because it crosses ethical boundries.",-- / 0,,it can be used in the education industry ethically.,-- / 0,,yes it can bring in new ideas and inspiration when it gets too personal we have to limit it,-- / 0,,deepfakes can be used to promote harmony among nations if utilized in a proper way,-- / 0,,"It has the power to change reality,to change truth by manipulating it.
example-PM said that we should become atmanirbhar bharat the opposition can easily mapinulate and convert it",-- / 0,
8.00 / 10,I am moderately aware.,-- / 0,,Yes,1.00 / 1,,i am not aware,-- / 0,,Yes,1.00 / 1,,I am not aware,-- / 0,,Yes,1.00 / 1,,I am not aware,-- / 0,,Yes,1.00 / 1,,I am moderately aware,-- / 0,,No,1.00 / 1,,I am moderately aware,-- / 0,,No,1.00 / 1,,I am not aware,-- / 0,,Yes,1.00 / 1,,I am moderately aware,-- / 0,,No,0.00 / 1,,I am not aware,-- / 0,,Yes,0.00 / 1,,I am moderately aware,-- / 0,,No,1.00 / 1,,"Yes, The use of deepfake should be regulated because it can have severe implications if used wrongly. Someone can create a deepfake of someone doing something illegal or create fake evidences for a law suit and with advanced technology it becomes increasingly difficult to differentiate hence it is better to regulate.",-- / 0,,"It can be also used ethically to create educational content, a short film with some social message.",-- / 0,,"Yes ! Deepfake will be very useful in bringing historical figures to life making a heavy subject lite, interactive and interesting. The only line between ethical and unethical use is the intention of the use of deepfake. If it is to harm someone then definitely it is unethical.",-- / 0,,"DeepFake can be used extensively in educational purposes. Especially subjects like history.
Also it can be used to picturize hard social concepts to make them understandable to rural and less informed people.",-- / 0,,Someone creating a deepfake of a famous personality promoting harmful substance or wrong social message.,-- / 0,
7.00 / 10,I am not aware.,-- / 0,,No,0.00 / 1,,I am moderately aware,-- / 0,,No,0.00 / 1,,I am not aware,-- / 0,,Yes,1.00 / 1,,I am moderately aware,-- / 0,,No,0.00 / 1,,I am moderately aware,-- / 0,,No,1.00 / 1,,I am moderately aware,-- / 0,,No,1.00 / 1,,I am moderately aware,-- / 0,,Yes,1.00 / 1,,I am moderately aware,-- / 0,,Yes,1.00 / 1,,I am moderately aware,-- / 0,,No,1.00 / 1,,I am moderately aware,-- / 0,,No,1.00 / 1,,"Yes , or it would be an disaster differentiating real and unreal for some fields ",-- / 0,,"Education , Therapy",-- / 0,,"If each historical figure is given only an certain role such as if you dont turn the character like from literal good to bad or bad to good , I think that’s fine",-- / 0,,Like studying from someone who you idolise ,-- / 0,,"Reduced social life and dependence on Ai partners, hence human interaction reduces",-- / 0,
9.00 / 10,I am highly aware.,-- / 0,,Yes,1.00 / 1,,I am highly aware.,-- / 0,,No,0.00 / 1,,I am not aware,-- / 0,,Yes,1.00 / 1,,I am not aware,-- / 0,,Yes,1.00 / 1,,I am highly aware,-- / 0,,No,1.00 / 1,,I am highly aware,-- / 0,,No,1.00 / 1,,I am not aware,-- / 0,,Yes,1.00 / 1,,I am highly aware,-- / 0,,Yes,1.00 / 1,,I am highly aware,-- / 0,,No,1.00 / 1,,I am not aware,-- / 0,,No,1.00 / 1,,"yeah it should be regulated. these days it is very hard to ditinguish what is real and not. we the youth understand that this may be a deepfake and not believe it but some in part of the world ,someone's mom would think that this is all real and misguide other elder people like her .if this keeps growing ,we wont be able to differentiate what is real and what not 
many court cases are based on these videos which can be misused in many ways",-- / 0,,it shoulb be specifically mentioned that it is a deepfake and everyone should be made aware that this is deepfake and what it means then only we can use it in any form,-- / 0,,i think it is completely unethical. it might be funny in ways,-- / 0,,"like i mentioned court cases and if not court cases ,then in a society justice needs to served and if someone leaks some deep fake video of other doing wrong and can accuse him of bad doing and his reputation may be ruined .once it is ruined no body cares if it was deepfake or real",-- / 0,,idk,-- / 0,
6.00 / 10,I am moderately aware.,-- / 0,,Yes,1.00 / 1,,i am not aware,-- / 0,,No,0.00 / 1,,I am not aware,-- / 0,,Yes,1.00 / 1,,I am moderately aware,-- / 0,,No,0.00 / 1,,I am moderately aware,-- / 0,,Yes,0.00 / 1,,I am highly aware,-- / 0,,No,1.00 / 1,,I am not aware,-- / 0,,No,0.00 / 1,,I am moderately aware,-- / 0,,Yes,1.00 / 1,,I am not aware,-- / 0,,No,1.00 / 1,,I am not aware,-- / 0,,No,1.00 / 1,,"Yes, I do believe that deepfake technology should be regulated as it capable of reaching a very large audience in a very short amount of time if used with malicious intents. People in the past have advocated proactively for the same because they have been either harmed/tried to be copied using deepfake technology.",-- / 0,,Deepfake is especially useful in the education sector as it can convert monotonic and boring books and lectures into AI based learning models with interactive classes. Entertainment industry would see a drastic change as actors would be replaced by animators who use deepfake technology to recreate the same scenes in a way cheaper and faster manner.,-- / 0,,"Yes it can very well be used for ethical purposes as mentioned above, but still need regulations as it's a thin line between using it to promote unity and radicalize a group of people against each other. Even unintentional use might lead to bad outcomes.",-- / 0,,"Deepfakes can be used in the education sector, entertainment industry, healthcare sector, security as it may enable automate these sectors very efficiently",-- / 0,,"There are many legal and ethical problems with deepfake, it can be used to spread misinformation, invade privacy, character assassination, and be a part of many security risks due to impersonation. ",-- / 0,
9.00 / 10,I am highly aware.,-- / 0,,No,0.00 / 1,,I am moderately aware,-- / 0,,Yes,1.00 / 1,,I am moderately aware,-- / 0,,Yes,1.00 / 1,,I am moderately aware,-- / 0,,Yes,1.00 / 1,,I am moderately aware,-- / 0,,No,1.00 / 1,,I am not aware,-- / 0,,No,1.00 / 1,,I am not aware,-- / 0,,Yes,1.00 / 1,,I am moderately aware,-- / 0,,Yes,1.00 / 1,,I am moderately aware,-- / 0,,No,1.00 / 1,,I am moderately aware,-- / 0,,No,1.00 / 1,,"Yes, as criminals may misuse it for blackmailing and impersonating.",-- / 0,,none,-- / 0,,"Yes, I draw the line where the technology is being used to threaten, bully or impersonate someone",-- / 0,,As mentioned above recreate historical figures for educational use,-- / 0,,Blackmailing and impersonATING,-- / 0,
7.00 / 10,I am moderately aware.,-- / 0,,Yes,1.00 / 1,,I am moderately aware,-- / 0,,No,0.00 / 1,,I am not aware,-- / 0,,Yes,1.00 / 1,,I am not aware,-- / 0,,No,0.00 / 1,,I am moderately aware,-- / 0,,No,1.00 / 1,,I am moderately aware,-- / 0,,No,1.00 / 1,,I am not aware,-- / 0,,Yes,1.00 / 1,,I am not aware,-- / 0,,No,0.00 / 1,,I am not aware,-- / 0,,No,1.00 / 1,,I am not aware,-- / 0,,No,1.00 / 1,,"Yes, it definitely should be. Considering the maturity level of today's generation, it is highly likely that the technology is going to be misused.",-- / 0,,"By giving a genuine disclaimer and also, not using it multiple times for the same person( not targeting someone like that), I think, in such situations, it is ethical.",-- / 0,,"Yes it definitely is a great tool for creativity and innovation but that aspect of the technology is rarely going to be used. Mostly, I believe, people are gonna use it for entertainment only. But if someone is actually using in a good way, like not harming someone's image in society, and rather producing some creative and fun articles, it's good in that way.",-- / 0,,For entertainment and using your talent in creativity to create harmless contents.,-- / 0,,"Spreading of fake information or wrong image of someone is one of the biggest negative consequence of using deepfake. Some people might also start believing in the fake world created by them, like excessive self praising and all,etc.",-- / 0,
7.00 / 10,I am moderately aware.,-- / 0,,No,0.00 / 1,,I am moderately aware,-- / 0,,Yes,1.00 / 1,,I am not aware,-- / 0,,Yes,1.00 / 1,,I am highly aware,-- / 0,,Yes,1.00 / 1,,I am highly aware,-- / 0,,No,1.00 / 1,,I am highly aware,-- / 0,,No,1.00 / 1,,I am highly aware,-- / 0,,Yes,1.00 / 1,,I am highly aware,-- / 0,,No,0.00 / 1,,I am moderately aware,-- / 0,,No,1.00 / 1,,I am not aware,-- / 0,,Yes,0.00 / 1,,yes since there can be breach of privacy and question to safety and welfare of people.,-- / 0,,when we need a substitute in absence of the actual person/facility.,-- / 0,,yes until it does not manipulate the users w.r.t historical facts.,-- / 0,,in advertisements : we dont want to interupt the real person for short period of screentime if he is busy etc.,-- / 0,,using them for creating fake witnesses and proofs to hide crimes.,-- / 0,
8.00 / 10,I am moderately aware.,-- / 0,,No,0.00 / 1,,I am moderately aware,-- / 0,,Yes,1.00 / 1,,I am not aware,-- / 0,,Yes,1.00 / 1,,I am not aware,-- / 0,,Yes,1.00 / 1,,I am moderately aware,-- / 0,,No,1.00 / 1,,I am highly aware,-- / 0,,No,1.00 / 1,,I am not aware,-- / 0,,Yes,1.00 / 1,,I am not aware,-- / 0,,No,0.00 / 1,,I am not aware,-- / 0,,No,1.00 / 1,,I am not aware,-- / 0,,No,1.00 / 1,,"Yes, the use of deepfake technology should be regulated by law as it can create miss-trust or spread miss-information among masses. ",-- / 0,,For using it to make personalised advertisements,-- / 0,,"Yes deepfake technology be a tool for creativity and innovation, such as bringing historical figures to life for educational purposes or enhancing storytelling in film. That it doesn't offend a community or spread miss-information.",-- / 0,,To create content.. ,-- / 0,,  ,-- / 0,
9.00 / 10,I am not aware.,-- / 0,,Yes,1.00 / 1,,i am not aware,-- / 0,,No,0.00 / 1,,I am highly aware,-- / 0,,Yes,1.00 / 1,,I am not aware,-- / 0,,Yes,1.00 / 1,,I am moderately aware,-- / 0,,No,1.00 / 1,,I am moderately aware,-- / 0,,No,1.00 / 1,,I am not aware,-- / 0,,Yes,1.00 / 1,,I am not aware,-- / 0,,Yes,1.00 / 1,,I am not aware,-- / 0,,No,1.00 / 1,,I am not aware,-- / 0,,No,1.00 / 1,,"It's pretty complicated. On one hand, deepfakes can be super sketchy, especially when people use them to mess with elections or make fake, messed-up videos of people without their permission. That's for sure a reason to have laws.
But then, what about art and comedy? Like, making funny videos or something for a movie. If you regulate it too much, it could stop people from being creative. Plus, it's hard to make a law that's strict enough for the bad stuff but not so strict that it takes away free speech. It's a whole thing.",-- / 0,,"I guess if everyone knows it's a deepfake, like in movies to make actors look younger or for cool special effects. Or even for education, like to make a historical figure give a speech to make a history class less boring. So yeah, for sure, if you tell people beforehand and it's for something good, not to trick anyone.",-- / 0,,"Yes, for sure, it can be a tool for cool stuff. Like, bringing a historical person to life for a documentary or de-aging an actor in a movie, that's pretty awesome. The line is really about consent and intent. If it's done with permission and for something good, like for entertainment or to make education more engaging, then it's probably okay. But if you use it to trick someone, spread fake news, or mess with people without their permission, that's where it gets super sketchy and is definitely not cool.",-- / 0,,"Entertainment and filmmaking, education, content translation, medical and scientific research, etc",-- / 0,,"Defamation and political manipulation, fraud and financial crimes, erosion of trust in media, fake pornography",-- / 0,
8.00 / 10,I am moderately aware.,-- / 0,,Yes,1.00 / 1,,I am highly aware.,-- / 0,,Yes,1.00 / 1,,I am highly aware,-- / 0,,Yes,1.00 / 1,,I am highly aware,-- / 0,,Yes,1.00 / 1,,I am moderately aware,-- / 0,,No,1.00 / 1,,I am highly aware,-- / 0,,No,1.00 / 1,,I am not aware,-- / 0,,Yes,1.00 / 1,,I am highly aware,-- / 0,,No,0.00 / 1,,I am not aware,-- / 0,,No,1.00 / 1,,I am not aware,-- / 0,,Yes,0.00 / 1,,"No, because unlawful people can then practice identity theft and infiltrate privacy without consent.",-- / 0,,"I can be done in rare occasions, for example while a person reads out their own will after their death etc.",-- / 0,,"Yes it can be used, but keeping in mind religious and historical sentiments.",-- / 0,,"It can be used ""ethically"" against con artists, at adverse conditions where intuition plays a larger role than real evidence.",-- / 0,,"Identity theft, privacy breach etc",-- / 0,
8.00 / 10,I am moderately aware.,-- / 0,,Yes,1.00 / 1,,I am moderately aware,-- / 0,,Yes,1.00 / 1,,I am moderately aware,-- / 0,,Yes,1.00 / 1,,I am moderately aware,-- / 0,,Yes,1.00 / 1,,I am moderately aware,-- / 0,,No,1.00 / 1,,I am moderately aware,-- / 0,,No,1.00 / 1,,I am not aware,-- / 0,,Yes,1.00 / 1,,I am not aware,-- / 0,,No,0.00 / 1,,I am not aware,-- / 0,,No,1.00 / 1,,I am not aware,-- / 0,,Yes,0.00 / 1,,"Yes, it should. Unregulated deepfake technology could lead to misuse and allow people to defame or impersonate another person.",-- / 0,,"Yes, it can be ethically used too. It could be used for entertainment. As long as the user has given their permission, it is ethical.",-- / 0,,Yes. The line is crossed when a deepfake shows a figure with views/opinions/morals completely different to what they had promoted.,-- / 0,,It could be used to create audiobooks with perfect pronunciation,-- / 0,,Can impersonate a person without their permission.,-- / 0,
6.00 / 10,I am not aware.,-- / 0,,Yes,1.00 / 1,,I am moderately aware,-- / 0,,No,0.00 / 1,,I am not aware,-- / 0,,No,0.00 / 1,,I am moderately aware,-- / 0,,Yes,1.00 / 1,,I am not aware,-- / 0,,No,1.00 / 1,,I am highly aware,-- / 0,,Yes,0.00 / 1,,I am moderately aware,-- / 0,,Yes,1.00 / 1,,I am not aware,-- / 0,,No,0.00 / 1,,I am moderately aware,-- / 0,,No,1.00 / 1,,I am not aware,-- / 0,,No,1.00 / 1,,yes because it becomes dangerous if not contolled,-- / 0,,In any secret operations carried by the government,-- / 0,,yes it is definitely useful,-- / 0,,using deepfake can be used in raw related operations of a government,-- / 0,,an example is faking a social media account and rob others money,-- / 0,
5.00 / 10,I am moderately aware.,-- / 0,,No,0.00 / 1,,I am moderately aware,-- / 0,,No,0.00 / 1,,I am moderately aware,-- / 0,,Yes,1.00 / 1,,I am moderately aware,-- / 0,,Yes,1.00 / 1,,I am moderately aware,-- / 0,,No,1.00 / 1,,I am moderately aware,-- / 0,,No,1.00 / 1,,I am moderately aware,-- / 0,,No,0.00 / 1,,I am moderately aware,-- / 0,,No,0.00 / 1,,I am moderately aware,-- / 0,,No,1.00 / 1,,I am moderately aware,-- / 0,,Yes,0.00 / 1,,"Yes, I think it should be regulated by law. A lot of innocent people get scammed by the use of this technology and lose a lot of money in the process.",-- / 0,,For entertainment and educational purposes like bringing historical figures to life. For marketing purposes when the customers are aware.,-- / 0,,It is ethical only if everyone who sees/hears it is made aware that it is fake.,-- / 0,,Educational purposes. Kids can learn history better by looking at deepfakes of historical figures.,-- / 0,,People get scammed out of a lot of money on a regular basis because they aren't able to distinguish deepfakes from reality.,-- / 0,
4.00 / 10,I am moderately aware.,-- / 0,,Yes,1.00 / 1,,I am moderately aware,-- / 0,,No,0.00 / 1,,I am moderately aware,-- / 0,,No,0.00 / 1,,I am moderately aware,-- / 0,,No,0.00 / 1,,I am moderately aware,-- / 0,,No,1.00 / 1,,I am moderately aware,-- / 0,,No,1.00 / 1,,I am moderately aware,-- / 0,,No,0.00 / 1,,I am moderately aware,-- / 0,,No,0.00 / 1,,I am moderately aware,-- / 0,,No,1.00 / 1,,I am moderately aware,-- / 0,,Yes,0.00 / 1,,"Yes ,it should be regulated by law as it can be used to scam many innocent people.",-- / 0,,Deepfake can be used in film making or audio books.,-- / 0,,It can be used in film making and other things but it should not be used to scam people.,-- / 0,,Some advantages can be that it can be used in educational purposes as to make some figures from textbook to life.,-- / 0,,This can be used to scam innocent people.,-- / 0,
4.00 / 10,I am highly aware.,-- / 0,,No,0.00 / 1,,I am highly aware.,-- / 0,,Yes,1.00 / 1,,I am not aware,-- / 0,,No,0.00 / 1,,I am not aware,-- / 0,,No,0.00 / 1,,I am moderately aware,-- / 0,,No,1.00 / 1,,I am highly aware,-- / 0,,No,1.00 / 1,,I am not aware,-- / 0,,Yes,1.00 / 1,,I am not aware,-- / 0,,No,0.00 / 1,,I am not aware,-- / 0,,Yes,0.00 / 1,,I am not aware,-- / 0,,Yes,0.00 / 1,,"Yes it should be regulated. Otherwise there is a high chance of no. of scams increasing, deception also will increase.",-- / 0,,"In some movie franchises like Alien, Star-Wars , actors who passed away in real life were brought back into the movies using deepfake technology. I think that the use of deep-fake technology can help in cases like that when the movies have to go ahead but at the same time paying money to the actors' family for using that actors deepfake.",-- / 0,,Yeah that would increase the interest of students in education. But it must be considered unethical if used for spreading of misinformation or using them inappropriately.,-- / 0,,Can be used for educational purposes for bringing back the historical figures from dead. Can also be used in video games to give tribute to a very great player of that game or a developer. And as mentioned earlier it can also be used in movies.,-- / 0,,The line between what's real and what's not becomes blurry. This is dangerous as already the level of misinformation in this world is high.,-- / 0,
4.00 / 10,I am not aware.,-- / 0,,Yes,1.00 / 1,,i am not aware,-- / 0,,No,0.00 / 1,,I am not aware,-- / 0,,No,0.00 / 1,,I am not aware,-- / 0,,No,0.00 / 1,,I am not aware,-- / 0,,Yes,0.00 / 1,,I am not aware,-- / 0,,No,1.00 / 1,,I am not aware,-- / 0,,No,0.00 / 1,,I am not aware,-- / 0,,No,0.00 / 1,,I am not aware,-- / 0,,No,1.00 / 1,,I am not aware,-- / 0,,No,1.00 / 1,,"Yes ,every technology is double edged and can be both helpful as well as dangerous so some regulations are required",-- / 0,,In entertainment and historical aspects,-- / 0,,"yes, as long as technology dosent hurt anyone's sentiments, it can be used ",-- / 0,,To study history and various historical figures or reimagining a scene like some crime scene or something,-- / 0,,They can be used to impersonate an actual person and do negative things thus misleading people,-- / 0,
7.00 / 10,I am moderately aware.,-- / 0,,Yes,1.00 / 1,,I am highly aware.,-- / 0,,Yes,1.00 / 1,,I am moderately aware,-- / 0,,No,0.00 / 1,,I am highly aware,-- / 0,,Yes,1.00 / 1,,I am moderately aware,-- / 0,,No,1.00 / 1,,I am highly aware,-- / 0,,No,1.00 / 1,,I am moderately aware,-- / 0,,No,0.00 / 1,,I am highly aware,-- / 0,,Yes,1.00 / 1,,I am highly aware,-- / 0,,No,1.00 / 1,,I am highly aware.,-- / 0,,Yes,0.00 / 1,,Yes this can lead to mass spread of misinformation which is already a big issue in our society ,-- / 0,,Can be used for content creation or for making photos of yourself in imaginary places,-- / 0,,Yes it can be used for doing this but it brings almost no real benefit in educational purposes. The potential risks it poses are far greater than the benefit which it can bring about ,-- / 0,,Again in content creation it can be used to make a photo of a person in thumbnails of youtube videos.,-- / 0,,Can be used to show someone saying something which they never said or put them in places they never went and it would not be discernible,-- / 0,
8.00 / 10,I am highly aware.,-- / 0,,Yes,1.00 / 1,,I am highly aware.,-- / 0,,No,0.00 / 1,,I am not aware,-- / 0,,Yes,1.00 / 1,,I am moderately aware,-- / 0,,Yes,1.00 / 1,,I am highly aware,-- / 0,,No,1.00 / 1,,I am highly aware,-- / 0,,No,1.00 / 1,,I am moderately aware,-- / 0,,Yes,1.00 / 1,,I am moderately aware,-- / 0,,Yes,1.00 / 1,,I am moderately aware,-- / 0,,No,1.00 / 1,,I am moderately aware,-- / 0,,Yes,0.00 / 1,,"Yes it should be regulated by law because it can be misused. Real existing people can be deepfaked into convincing images because of the recent advancement in generative AI. It can be useful but also dangerous. Also artists who produce and write music or even artists who draw and paint, their work on the internet can be used to make something else for eg. changing the voice in someones song with AI, it can have copyright issues or its just morally wrong to not respect the artists   ",-- / 0,,For making memes about figures only in a funny context,-- / 0,,Yes as long as it is for educational purposes and not defaming anyone it is ethical. But if it is misused like deepfake used to create nudity or spreading hate its just unethical and shouldnt be done,-- / 0,,Deepfakes can be used to bait prisoners into showing them something that they are accused of doing but not having the proof. If they think that the deepfake is real then they will admit to it,-- / 0,,"Maybe people can go to prison if they defame someone.
Making explicit deepfakes of a person and spreading them can lead them to go to prison under sexual harassment",-- / 0,
5.00 / 10,I am moderately aware.,-- / 0,,Yes,1.00 / 1,,I am moderately aware,-- / 0,,No,0.00 / 1,,I am not aware,-- / 0,,Yes,1.00 / 1,,I am moderately aware,-- / 0,,No,0.00 / 1,,I am highly aware,-- / 0,,No,1.00 / 1,,I am moderately aware,-- / 0,,Yes,0.00 / 1,,I am highly aware,-- / 0,,No,0.00 / 1,,I am moderately aware,-- / 0,,Yes,1.00 / 1,,I am highly aware,-- / 0,,No,1.00 / 1,,I am moderately aware,-- / 0,,Yes,0.00 / 1,,"No, in my perspective, I feel deepfake technology can be used for many harmful things and it can lead to misunderstanding between nations like deepfake of presidents or politicians. ",-- / 0,,It can be ethically used in places where people would like to use other people's voices instead of their own to promote societal awareness,-- / 0,,"Yes , i draw the line of ethical and unethical use ,for example, if people use it for entertainment and jokes ,it is not a concern/problem. Once people use for their benefit by harming others then it is unethical",-- / 0,,"Some advantages of deepfakes could be for entertainment ,jokes, real looking movies.",-- / 0,,"It could be used abusively, illegally , and for blackmailing people. This can lead to the whole becoming a worse place.",-- / 0,
8.00 / 10,I am moderately aware.,-- / 0,,No,0.00 / 1,,I am moderately aware,-- / 0,,Yes,1.00 / 1,,I am not aware,-- / 0,,Yes,1.00 / 1,,I am not aware,-- / 0,,Yes,1.00 / 1,,I am moderately aware,-- / 0,,No,1.00 / 1,,I am moderately aware,-- / 0,,No,1.00 / 1,,I am not aware,-- / 0,,Yes,1.00 / 1,,I am not aware,-- / 0,,Yes,1.00 / 1,,I am moderately aware,-- / 0,,No,1.00 / 1,,I am not aware,-- / 0,,Yes,0.00 / 1,,"Yes, it should be regulated by law to restrain it's uses in spreading fake news which may be mislead or deceive people.",-- / 0,,"Deepfake can be used in producing posters, advertisements, abnners for awareness programs which can explain the people easily.",-- / 0,,"Yes, it can be used as a medium to give shape to one's imagination and creativity or for educational purposes unless the mis-information or distortion is spread among public",-- / 0,,Deepfakes can help in the field of educatio. E.g. Creating visuals to explain a topic.,-- / 0,,Deepfakes often create misconceptions in people misguiding them to take improper actions ,-- / 0,
6.00 / 10,I am not aware.,-- / 0,,Yes,1.00 / 1,,I am highly aware.,-- / 0,,No,0.00 / 1,,I am not aware,-- / 0,,No,0.00 / 1,,I am moderately aware,-- / 0,,No,0.00 / 1,,I am highly aware,-- / 0,,No,1.00 / 1,,I am highly aware,-- / 0,,No,1.00 / 1,,I am moderately aware,-- / 0,,Yes,1.00 / 1,,I am moderately aware,-- / 0,,No,0.00 / 1,,I am moderately aware,-- / 0,,No,1.00 / 1,,I am moderately aware,-- / 0,,No,1.00 / 1,," Deepfake technology should be regulated by law, not banned, but guided with rules .",-- / 0,,idk,-- / 0,,"Yes. It is ethical in education, entertainment and unethical in crimes such as threat calls.",-- / 0,,It's voice is more pleasant to listen. It increases the interest of people to listen; that's why it is used in historical places.,-- / 0,,"Deepfakes can harm individuals (harassment, fraud, defamation), society (misinformation, loss of trust), and even countries (political manipulation, security threats). Their misuse has consequences that go far beyond the digital world.",-- / 0,
